time,latitude,longitude,depth,mag,magType,nst,gap,dmin,rms,net,id,updated,place,type,horizontalError,depthError,magError,magNst,status,locationSource,magSource,country,location,loc,city,town,Richter Scale,year,Depth Scale,cluster
1978-12-04 03:12:34+00:00,38.07,37.468,10.0,5.1,mb,30.579625292740047,116.87532138024358,0.8673025404157043,0.7582616279069767,us,usp0000xrs,2022-04-27T15:18:31.603Z,"12 km NNE of Nurhak, Turkey",earthquake,4.311959213401311,5.298684394681596,0.1684708994708995,19.70785935884178,reviewed,us,us, Turkey,"(38.07, 37.468)","Nurhak, Kahramanmaraş, Akdeniz Bölgesi, 46370, Türkiye",Kahramanmaraş,Nurhak,Moderate,1978,Shallow,1
1980-10-05 21:31:35.200000+00:00,37.456,36.888,10.0,4.1,mb,30.579625292740047,116.87532138024358,0.8673025404157043,0.7582616279069767,us,usp0001a3j,2014-11-06T23:24:26.317Z,"14 km SSW of Kahramanmara?, Turkey",earthquake,4.311959213401311,5.298684394681596,0.1684708994708995,19.70785935884178,reviewed,us,us, Turkey,"(37.456, 36.888)","Hacımustafa, Onikişubat, Kahramanmaraş, Akdeniz Bölgesi, Türkiye",Kahramanmaraş,Onikişubat,Light,1980,Shallow,1
1991-09-26 20:24:04.040000+00:00,37.434,36.346,10.0,4.8,mb,30.579625292740047,116.87532138024358,0.8673025404157043,1.2,us,usp0004x39,2014-11-07T00:49:17.556Z,"15 km S of And?r?n, Turkey",earthquake,4.311959213401311,5.298684394681596,0.1684708994708995,48.0,reviewed,us,us, Turkey,"(37.434, 36.346)","Beşbucak, Andırın, Kahramanmaraş, Akdeniz Bölgesi, Türkiye",Kahramanmaraş,Andırın,Light,1991,Shallow,1
1992-05-29 06:55:55.950000+00:00,37.53,36.816,10.0,4.2,mb,30.579625292740047,116.87532138024358,0.8673025404157043,1.2,us,usp00058b4,2014-11-07T00:50:42.554Z,"11 km WSW of Kahramanmara?, Turkey",earthquake,4.311959213401311,5.298684394681596,0.1684708994708995,3.0,reviewed,us,us, Turkey,"(37.53, 36.816)","Onikişubat, Kahramanmaraş, Akdeniz Bölgesi, Türkiye",Kahramanmaraş,Onikişubat,Light,1992,Shallow,1
1993-08-07 14:23:01.310000+00:00,38.193,37.692,10.0,3.9,mb,30.579625292740047,116.87532138024358,0.8673025404157043,1.2,us,usp0005y2p,2014-11-07T00:53:40.369Z,"19 km NW of Do?an?ehir, Turkey",earthquake,4.311959213401311,5.298684394681596,0.1684708994708995,4.0,reviewed,us,us, Turkey,"(38.193, 37.692)","Balcılar, Elbistan, Kahramanmaraş, Akdeniz Bölgesi, 46300, Türkiye",Kahramanmaraş,Elbistan,Light,1993,Shallow,1
1994-06-23 20:11:28.780000+00:00,37.697,37.077,10.0,4.2,mb,30.579625292740047,116.87532138024358,0.8673025404157043,1.1,us,usp0006er3,2014-11-07T00:55:44.335Z,"18 km NE of Kahramanmara?, Turkey",earthquake,4.311959213401311,5.298684394681596,0.1684708994708995,6.0,reviewed,us,us, Turkey,"(37.697, 37.077)","Taşlıtarla, Kılağlı, Dulkadiroğlu, Kahramanmaraş, Akdeniz Bölgesi, Türkiye",Kahramanmaraş,Dulkadiroğlu,Light,1994,Shallow,1
1996-01-16 12:45:58.300000+00:00,38.186,37.471,10.0,4.1,ml,30.579625292740047,116.87532138024358,0.8673025404157043,1.2,us,usp0007b6a,2014-11-07T00:59:41.071Z,"23 km E of Elbistan, Turkey",earthquake,4.311959213401311,5.298684394681596,0.1684708994708995,19.70785935884178,reviewed,us,bhl, Turkey,"(38.186, 37.471)","Afetevleri, Gücük, Elbistan, Kahramanmaraş, Akdeniz Bölgesi, 46300, Türkiye",Kahramanmaraş,Elbistan,Light,1996,Shallow,1
1996-02-18 15:43:52.600000+00:00,37.579,36.29,10.0,3.5,md,30.579625292740047,116.87532138024358,0.8673025404157043,1.4,us,usp0007dc2,2014-11-07T00:59:55.732Z,"5 km W of And?r?n, Turkey",earthquake,4.311959213401311,5.298684394681596,0.1684708994708995,19.70785935884178,reviewed,us,isk, Turkey,"(37.579, 36.29)","Karahamzalı, Andırın, Kahramanmaraş, Akdeniz Bölgesi, Türkiye",Kahramanmaraş,Andırın,Minor,1996,Shallow,1
1996-02-22 21:35:21.120000+00:00,37.384,36.365,10.0,3.5,md,30.579625292740047,116.87532138024358,0.8673025404157043,0.2,us,usp0007dqr,2014-11-07T00:59:57.349Z,"21 km S of And?r?n, Turkey",earthquake,4.311959213401311,5.298684394681596,0.1684708994708995,19.70785935884178,reviewed,us,isk, Turkey,"(37.384, 36.365)","Anacık, Andırın, Kahramanmaraş, Akdeniz Bölgesi, Türkiye",Kahramanmaraş,Andırın,Minor,1996,Shallow,1
1997-02-15 15:56:11.980000+00:00,37.836,36.906,33.0,4.1,md,30.579625292740047,116.87532138024358,0.8673025404157043,1.73,us,usp0007xaf,2014-11-07T01:02:09.270Z,"27 km N of Kahramanmara?, Turkey",earthquake,4.311959213401311,5.298684394681596,0.1684708994708995,19.70785935884178,reviewed,us,isk, Turkey,"(37.836, 36.906)","Hırvalık, Beşen, Onikişubat, Kahramanmaraş, Akdeniz Bölgesi, 46266, Türkiye",Kahramanmaraş,Onikişubat,Light,1997,Shallow,0
1998-04-25 01:55:29.600000+00:00,37.862,36.347,9.0,3.6,md,30.579625292740047,116.87532138024358,0.8673025404157043,0.7582616279069767,us,usp0008kx6,2014-11-07T01:05:04.275Z,"22 km SW of Göksun, Turkey",earthquake,4.311959213401311,5.298684394681596,0.1684708994708995,19.70785935884178,reviewed,isk,isk, Turkey,"(37.862, 36.347)","Göksun, Kahramanmaraş, Akdeniz Bölgesi, 46600, Türkiye",Kahramanmaraş,Göksun,Minor,1998,Shallow,1
1999-05-29 20:54:05.700000+00:00,37.491,36.351,10.0,3.4,md,30.579625292740047,116.87532138024358,0.8673025404157043,0.7582616279069767,us,usp00098zu,2014-11-07T01:07:44.716Z,"9 km S of And?r?n, Turkey",earthquake,4.311959213401311,5.298684394681596,0.1684708994708995,19.70785935884178,reviewed,isk,isk, Turkey,"(37.491, 36.351)","Torun, Yahyalar, Başdoğan, Andırın, Kahramanmaraş, Akdeniz Bölgesi, Türkiye",Kahramanmaraş,Andırın,Minor,1999,Shallow,1
2000-04-02 11:41:25.200000+00:00,37.636,37.322,9.0,4.5,mb,30.579625292740047,116.87532138024358,0.8673025404157043,0.7582616279069767,us,usp0009qps,2014-11-07T01:09:50.356Z,"12 km SSE of Ça?layancerit, Turkey",earthquake,4.311959213401311,5.298684394681596,0.1684708994708995,36.0,reviewed,isk,us, Turkey,"(37.636, 37.322)","Büyüknacar Merkez, Pazarcık, Kahramanmaraş, Akdeniz Bölgesi, 46700, Türkiye",Kahramanmaraş,Pazarcık,Light,2000,Shallow,1
2000-04-02 17:26:53.200000+00:00,37.624,37.387,9.0,4.3,mb,30.579625292740047,116.87532138024358,0.8673025404157043,0.7582616279069767,us,usp0009qq8,2014-11-07T01:09:50.477Z,"16 km SSE of Ça?layancerit, Turkey",earthquake,4.311959213401311,5.298684394681596,0.1684708994708995,17.0,reviewed,isk,us, Turkey,"(37.624, 37.387)","Pazarcık, Kahramanmaraş, Akdeniz Bölgesi, 46700, Türkiye",Kahramanmaraş,Pazarcık,Light,2000,Shallow,1
2000-07-06 03:36:19.420000+00:00,37.702,36.558,10.0,3.9,mb,9.0,116.87532138024358,0.8673025404157043,1.09,us,usp0009vv5,2014-11-07T01:10:32.369Z,"22 km NE of And?r?n, Turkey",earthquake,4.311959213401311,5.298684394681596,0.1684708994708995,1.0,reviewed,us,us, Turkey,"(37.702, 36.558)","Köşürge, Onikişubat, Kahramanmaraş, Akdeniz Bölgesi, Türkiye",Kahramanmaraş,Onikişubat,Light,2000,Shallow,1
2002-05-23 01:08:00.770000+00:00,37.394,36.341,8.5,4.3,mb,93.0,116.87532138024358,0.8673025404157043,0.7582616279069767,us,usp000b4tj,2014-11-07T01:15:39.207Z,"20 km S of And?r?n, Turkey",earthquake,4.311959213401311,5.298684394681596,0.1684708994708995,32.0,reviewed,isk,us, Turkey,"(37.394, 36.341)","Çağıltepe, Anacık, Andırın, Kahramanmaraş, Akdeniz Bölgesi, Türkiye",Kahramanmaraş,Andırın,Light,2002,Shallow,1
2004-01-02 14:20:11.500000+00:00,37.653,36.516,8.0,3.3,md,6.0,111.2,0.8673025404157043,0.7582616279069767,us,usp000cgvh,2014-11-07T01:20:56.651Z,"16 km ENE of And?r?n, Turkey",earthquake,4.311959213401311,5.298684394681596,0.1684708994708995,19.70785935884178,reviewed,isk,isk, Turkey,"(37.653, 36.516)","Sıtmalı, Andırın, Kahramanmaraş, Akdeniz Bölgesi, Türkiye",Kahramanmaraş,Andırın,Minor,2004,Shallow,1
2004-02-15 12:55:45.500000+00:00,37.701,36.45,10.0,3.3,md,5.0,118.5,0.8673025404157043,0.7582616279069767,us,usp000cm8g,2014-11-07T01:21:21.521Z,"16 km NNE of And?r?n, Turkey",earthquake,4.311959213401311,5.298684394681596,0.1684708994708995,19.70785935884178,reviewed,isk,isk, Turkey,"(37.701, 36.45)","46-78, Halburt, Andırın, Kahramanmaraş, Akdeniz Bölgesi, Türkiye",Kahramanmaraş,Andırın,Minor,2004,Shallow,1
2004-02-18 05:10:04.400000+00:00,37.626,36.396,8.0,3.3,md,4.0,205.6,0.8673025404157043,0.7582616279069767,us,usp000cmf4,2014-11-07T01:21:22.159Z,"6 km NE of And?r?n, Turkey",earthquake,4.311959213401311,5.298684394681596,0.1684708994708995,19.70785935884178,reviewed,isk,isk, Turkey,"(37.626, 36.396)","Yeniköy, Andırın, Kahramanmaraş, Akdeniz Bölgesi, 46400, Türkiye",Kahramanmaraş,Andırın,Minor,2004,Shallow,1
2004-02-19 10:33:57.600000+00:00,37.527,36.238,12.0,3.7,md,12.0,69.1,0.8673025404157043,0.7582616279069767,us,usp000cmjy,2014-11-07T01:21:22.845Z,"11 km WSW of And?r?n, Turkey",earthquake,4.311959213401311,5.298684394681596,0.1684708994708995,19.70785935884178,reviewed,isk,isk, Turkey,"(37.527, 36.238)","Kargılık, Bulgurkaya, Andırın, Kahramanmaraş, Akdeniz Bölgesi, Türkiye",Kahramanmaraş,Kargı,Minor,2004,Shallow,1
2004-05-28 10:14:41.100000+00:00,37.495,36.313,12.0,4.3,mb,46.0,60.6,0.8673025404157043,0.7582616279069767,us,usp000cwez,2014-11-07T01:22:25.455Z,"9 km SSW of And?r?n, Turkey",earthquake,4.311959213401311,5.298684394681596,0.1684708994708995,5.0,reviewed,isk,us, Turkey,"(37.495, 36.313)","Karataşlı, Çınar, Hacıveliuşağı, Andırın, Kahramanmaraş, Akdeniz Bölgesi, Türkiye",Kahramanmaraş,Karataş,Light,2004,Shallow,1
2004-05-28 19:05:26+00:00,37.671,36.31,5.0,3.1,md,6.0,89.9,0.8673025404157043,0.7582616279069767,us,usp000cwft,2014-11-07T01:22:25.626Z,"11 km NNW of And?r?n, Turkey",earthquake,4.311959213401311,5.298684394681596,0.1684708994708995,19.70785935884178,reviewed,isk,isk, Turkey,"(37.671, 36.31)","Rıfatiye, Andırın, Kahramanmaraş, Akdeniz Bölgesi, Türkiye",Kahramanmaraş,Andırın,Minor,2004,Shallow,1
2004-05-31 05:07:41.500000+00:00,37.596,36.324,5.0,3.0,md,4.0,134.4,0.8673025404157043,0.7582616279069767,us,usp000cwpz,2014-11-07T01:22:26.630Z,"3 km NW of And?r?n, Turkey",earthquake,4.311959213401311,5.298684394681596,0.1684708994708995,19.70785935884178,reviewed,isk,isk, Turkey,"(37.596, 36.324)","Yeşilyurt, Andırın, Kahramanmaraş, Akdeniz Bölgesi, 46400, Türkiye",Kahramanmaraş,Yeşilyurt,Minor,2004,Shallow,1
2006-03-03 03:06:38.210000+00:00,37.421,37.213,5.0,3.4,md,10.0,105.9,0.8673025404157043,0.7582616279069767,us,usp000eb87,2014-11-07T01:28:27.401Z,"10 km SW of Pazarc?k, Turkey",earthquake,4.311959213401311,5.298684394681596,0.1684708994708995,19.70785935884178,reviewed,isk,isk, Turkey,"(37.421, 37.213)","Pazarcık, Kahramanmaraş, Akdeniz Bölgesi, 46700, Türkiye",Kahramanmaraş,Pazarcık,Minor,2006,Shallow,1
2006-04-23 04:00:29+00:00,37.493,36.804,15.6,3.9,ml,43.0,165.9,0.8673025404157043,0.7582616279069767,us,usp000efaa,2014-11-07T01:28:54.025Z,"14 km SW of Kahramanmara?, Turkey",earthquake,4.311959213401311,5.298684394681596,0.1684708994708995,19.70785935884178,reviewed,isk,isk, Turkey,"(37.493, 36.804)","Hacıağlar, Onikişubat, Kahramanmaraş, Akdeniz Bölgesi, Türkiye",Kahramanmaraş,Onikişubat,Light,2006,Shallow,1
2006-08-02 11:14:17.530000+00:00,38.296,37.362,16.4,2.8,md,6.0,109.4,0.8673025404157043,0.7582616279069767,us,usp000eq2q,2014-11-07T01:29:52.726Z,"17 km NE of Elbistan, Turkey",earthquake,4.311959213401311,5.298684394681596,0.1684708994708995,19.70785935884178,reviewed,isk,isk, Turkey,"(38.296, 37.362)","Türkören, Kahramanmaraş, Akdeniz Bölgesi, Türkiye",Kahramanmaraş,Kahramanmaraşvillage,Very Minor,2006,Shallow,1
2007-08-24 02:53:09+00:00,38.139,37.434,5.0,4.4,mb,120.0,107.2,0.8673025404157043,0.7582616279069767,us,usp000fkjf,2014-11-07T01:33:22.282Z,"19 km N of Nurhak, Turkey",earthquake,4.311959213401311,5.298684394681596,0.1684708994708995,56.0,reviewed,isk,us, Turkey,"(38.139, 37.434)","Elbistan, Kahramanmaraş, Akdeniz Bölgesi, 46300, Türkiye",Kahramanmaraş,Elbistan,Light,2007,Shallow,1
2007-09-15 05:26:51.670000+00:00,37.869,36.986,5.0,4.6,mb,157.0,59.7,0.8673025404157043,0.7582616279069767,us,usp000fnak,2014-11-07T01:33:35.375Z,"27 km SW of Ekinözü, Turkey",earthquake,4.311959213401311,5.298684394681596,0.1684708994708995,60.0,reviewed,isk,us, Turkey,"(37.869, 36.986)","Engizek, Dulkadiroğlu, Kahramanmaraş, Akdeniz Bölgesi, Türkiye",Kahramanmaraş,Dulkadiroğlu,Light,2007,Shallow,1
2007-09-15 23:28:48+00:00,37.831,36.977,6.2,4.5,mb,98.0,114.0,0.8673025404157043,0.7582616279069767,us,usp000fnd1,2014-11-07T01:33:35.732Z,"27 km N of Kahramanmara?, Turkey",earthquake,4.311959213401311,5.298684394681596,0.1684708994708995,51.0,reviewed,isk,us, Turkey,"(37.831, 36.977)","Dulkadiroğlu, Kahramanmaraş, Akdeniz Bölgesi, Türkiye",Kahramanmaraş,Dulkadiroğlu,Light,2007,Shallow,1
2008-08-20 11:01:38+00:00,37.711,37.463,5.0,4.4,mb,33.0,120.4,0.8673025404157043,0.7582616279069767,us,usp000gf2y,2014-11-07T01:36:57.172Z,"16 km ESE of Ça?layancerit, Turkey",earthquake,4.311959213401311,5.298684394681596,0.1684708994708995,10.0,reviewed,isk,us, Turkey,"(37.711, 37.463)","Çağlayancerit, Kahramanmaraş, Akdeniz Bölgesi, 46720, Türkiye",Kahramanmaraş,Çağlayancerit,Light,2008,Shallow,1
2011-09-07 13:30:18.840000+00:00,37.381,36.33,6.8,4.2,mb,20.0,83.9,0.8673025404157043,0.7582616279069767,us,usp000j7rh,2014-11-07T01:45:51.214Z,"20 km E of Kadirli, Turkey",earthquake,4.311959213401311,5.298684394681596,0.1684708994708995,1.0,reviewed,isk,us, Turkey,"(37.381, 36.33)","Dereboğazı, Erenler, Andırın, Kahramanmaraş, Akdeniz Bölgesi, Türkiye",Kahramanmaraş,Andırın,Light,2011,Shallow,1
2012-07-22 09:26:02.990000+00:00,37.546,36.384,7.6,5.0,mb,226.0,54.4,0.8673025404157043,0.7582616279069767,us,usp000jpab,2015-03-24T02:40:50.791Z,"4 km SE of And?r?n, Turkey",earthquake,4.311959213401311,5.298684394681596,0.1684708994708995,128.0,reviewed,isk,us, Turkey,"(37.546, 36.384)","Gökçeli, Andırın, Kahramanmaraş, Akdeniz Bölgesi, Türkiye",Kahramanmaraş,Andırın,Moderate,2012,Shallow,1
2012-09-08 10:01:06.570000+00:00,37.329,37.085,3.5,4.1,mb,58.0,43.8,0.8673025404157043,0.7582616279069767,us,usp000jrzr,2014-11-07T01:48:48.990Z,"25 km SW of Pazarc?k, Turkey",earthquake,4.311959213401311,5.298684394681596,0.1684708994708995,16.0,reviewed,isk,us, Turkey,"(37.329, 37.085)","Tan, Osmandede, Pazarcık, Kahramanmaraş, Akdeniz Bölgesi, 46700, Türkiye",Kahramanmaraş,Pazarcık,Light,2012,Shallow,1
2012-09-19 09:17:46.820000+00:00,37.309,37.097,7.0,4.9,mb,175.0,35.1,0.8673025404157043,0.7582616279069767,us,usp000jsk2,2022-05-03T15:52:25.508Z,"26 km SW of Pazarc?k, Turkey",earthquake,4.311959213401311,5.298684394681596,0.1684708994708995,83.0,reviewed,isk,us, Turkey,"(37.309, 37.097)","Osmandede, Pazarcık, Kahramanmaraş, Akdeniz Bölgesi, 46700, Türkiye",Kahramanmaraş,Pazarcık,Moderate,2012,Shallow,1
2012-09-19 23:15:06.860000+00:00,37.313,37.136,8.6,4.1,ml,33.0,70.9,0.8673025404157043,0.7582616279069767,us,usp000jskj,2014-11-07T01:48:52.923Z,"24 km SW of Pazarc?k, Turkey",earthquake,4.311959213401311,5.298684394681596,0.1684708994708995,19.70785935884178,reviewed,isk,isk, Turkey,"(37.313, 37.136)","Çiçek, Pazarcık, Kahramanmaraş, Akdeniz Bölgesi, 46700, Türkiye",Kahramanmaraş,Pazarcık,Light,2012,Shallow,1
2012-10-16 10:25:04.700000+00:00,37.297,37.135,14.0,4.6,mb,67.0,39.9,0.8673025404157043,0.7582616279069767,us,usp000ju1s,2014-11-07T01:49:06.045Z,"25 km SW of Pazarc?k, Turkey",earthquake,4.311959213401311,5.298684394681596,0.1684708994708995,18.0,reviewed,isk,us, Turkey,"(37.297, 37.135)","Eğlen, Pazarcık, Kahramanmaraş, Akdeniz Bölgesi, 46700, Türkiye",Kahramanmaraş,Pazarcık,Light,2012,Shallow,1
2012-11-13 23:55:48.900000+00:00,37.27,37.11,13.0,4.5,mb,102.0,35.4,0.8673025404157043,0.7582616279069767,us,usp000jvjf,2015-03-24T02:26:22.612Z,"29 km SW of Pazarc?k, Turkey",earthquake,4.311959213401311,5.298684394681596,0.1684708994708995,18.0,reviewed,isk,us, Turkey,"(37.27, 37.11)","Bağlama, Evri Pınarbaşı, Çöçelli, Pazarcık, Kahramanmaraş, Akdeniz Bölgesi, 46700, Türkiye",Kahramanmaraş,Pınarbaşı,Light,2012,Shallow,1
2012-11-14 00:01:59.400000+00:00,37.31,37.12,12.0,4.3,mb,57.0,66.3,0.8673025404157043,0.7582616279069767,us,usp000jvjh,2014-11-07T01:49:22.531Z,"25 km SW of Pazarc?k, Turkey",earthquake,4.311959213401311,5.298684394681596,0.1684708994708995,7.0,reviewed,isk,us, Turkey,"(37.31, 37.12)","Hanobası, Pazarcık, Kahramanmaraş, Akdeniz Bölgesi, 46700, Türkiye",Kahramanmaraş,Han,Light,2012,Shallow,1
2013-04-20 23:23:09.300000+00:00,37.315,37.149,3.4,3.4,ml,7.0,148.0,0.8673025404157043,0.7582616279069767,us,us2013pfca,2014-11-07T01:50:36.923Z,"23 km SW of Pazarc?k, Turkey",earthquake,4.311959213401311,5.298684394681596,0.1684708994708995,19.70785935884178,reviewed,isk,isk, Turkey,"(37.315, 37.149)","Çiçek, Pazarcık, Kahramanmaraş, Akdeniz Bölgesi, 46700, Türkiye",Kahramanmaraş,Pazarcık,Minor,2013,Shallow,1
2013-04-25 22:54:15.240000+00:00,37.309,37.125,5.3,4.3,mb,39.0,100.7,0.8673025404157043,0.7582616279069767,us,usp000k0ex,2014-11-07T01:50:38.854Z,"25 km SW of Pazarc?k, Turkey",earthquake,4.311959213401311,5.298684394681596,0.1684708994708995,8.0,reviewed,isk,us, Turkey,"(37.309, 37.125)","Hanobası, Pazarcık, Kahramanmaraş, Akdeniz Bölgesi, 46700, Türkiye",Kahramanmaraş,Han,Light,2013,Shallow,1
2013-05-06 18:33:17.730000+00:00,37.306,37.147,7.4,4.0,ml,11.0,100.0,0.8673025404157043,0.7582616279069767,us,usp000k0ke,2014-11-07T01:50:45.181Z,"24 km SW of Pazarc?k, Turkey",earthquake,4.311959213401311,5.298684394681596,0.1684708994708995,19.70785935884178,reviewed,isk,isk, Turkey,"(37.306, 37.147)","Çiçek, Pazarcık, Kahramanmaraş, Akdeniz Bölgesi, 46700, Türkiye",Kahramanmaraş,Pazarcık,Light,2013,Shallow,1
2013-06-16 20:31:38.600000+00:00,38.094,37.108,5.3,4.2,ml,21.0,100.0,0.8673025404157043,0.7582616279069767,us,usp000k19q,2014-11-07T01:51:05.185Z,"7 km WNW of Ekinözü, Turkey",earthquake,4.311959213401311,5.298684394681596,0.1684708994708995,19.70785935884178,reviewed,isk,isk, Turkey,"(38.094, 37.108)","Uzunçayır, Ortaören, Ekinözü, Kahramanmaraş, Akdeniz Bölgesi, 46360, Türkiye",Kahramanmaraş,Orta,Light,2013,Shallow,1
2014-02-22 15:42:06.500000+00:00,37.422,36.382,6.3,4.4,mb,30.579625292740047,116.87532138024358,0.8673025404157043,1.16,us,usc000mwf4,2014-05-07T00:03:06.000Z,"17 km S of And?r?n, Turkey",earthquake,4.311959213401311,4.1,0.114,22.0,reviewed,isk,us, Turkey,"(37.422, 36.382)","Kuzgun, Andırın, Kahramanmaraş, Akdeniz Bölgesi, Türkiye",Kahramanmaraş,Andırın,Light,2014,Shallow,1
2015-01-22 19:27:46.130000+00:00,37.4375,36.3148,6.9,4.4,mb,30.579625292740047,116.87532138024358,0.8673025404157043,1.49,us,usc000tidu,2015-04-24T16:55:05.040Z,"15 km SSW of And?r?n, Turkey",earthquake,5.1,5.4,0.155,14.0,reviewed,isk,us, Turkey,"(37.4375, 36.3148)","Kesim, Yeşilova, Andırın, Kahramanmaraş, Akdeniz Bölgesi, Türkiye",Kahramanmaraş,Yeşilova,Light,2015,Shallow,1
2015-08-26 23:01:44.220000+00:00,37.304,36.9733,6.5,4.2,mb,30.579625292740047,116.87532138024358,0.8673025404157043,0.78,us,us1000356t,2015-11-24T02:09:38.040Z,"25 km NE of Nurda??, Turkey",earthquake,3.6,1.8,0.087,37.0,reviewed,isk,us, Turkey,"(37.304, 36.9733)","Bayramgazi, Türkoğlu, Kahramanmaraş, Akdeniz Bölgesi, 46800, Türkiye",Kahramanmaraş,Türkoğlu,Light,2015,Shallow,1
2017-03-28 21:53:31.600000+00:00,38.2847,37.1456,10.0,4.0,mb,30.579625292740047,53.0,1.111,0.7,us,us20008vf8,2017-06-16T23:08:01.040Z,"9 km NNW of Elbistan, Turkey",earthquake,4.8,1.9,0.138,14.0,reviewed,us,us, Turkey,"(38.2847, 37.1456)","Doğan, Elbistan, Kahramanmaraş, Akdeniz Bölgesi, 46300, Türkiye",Kahramanmaraş,Elbistan,Light,2017,Shallow,1
2017-08-18 04:30:02.020000+00:00,37.5878,37.5603,5.47,4.3,mb,30.579625292740047,63.0,0.5,0.81,us,us2000a99k,2017-11-14T01:42:13.040Z,"21 km NNW of Araban, Turkey",earthquake,5.6,5.7,0.089,36.0,reviewed,us,us, Turkey,"(37.5878, 37.5603)","Yumaklıcerit Bağlar, Pazarcık, Kahramanmaraş, Akdeniz Bölgesi, 46700, Türkiye",Kahramanmaraş,Bağlar,Light,2017,Shallow,1
2018-08-04 07:09:30.150000+00:00,37.4194,36.3668,10.0,4.2,mb,30.579625292740047,77.0,0.716,0.83,us,us1000g3bm,2018-10-16T15:34:10.040Z,"17 km S of And?r?n, Turkey",earthquake,4.1,2.0,0.124,18.0,reviewed,us,us, Turkey,"(37.4194, 36.3668)","Dereboğazı, Karaçalılık, Kuzgun, Andırın, Kahramanmaraş, Akdeniz Bölgesi, Türkiye",Kahramanmaraş,Andırın,Light,2018,Shallow,1
2018-10-02 15:29:05.160000+00:00,37.6699,37.3967,5.0,4.6,mb,30.579625292740047,46.0,0.518,1.08,us,us1000h5mr,2018-12-14T20:32:39.040Z,"12 km SE of Ça?layancerit, Turkey",earthquake,4.2,1.9,0.095,33.0,reviewed,us,us, Turkey,"(37.6699, 37.3967)","Dokuzçınar, Pazarcık, Kahramanmaraş, Akdeniz Bölgesi, 46700, Türkiye",Kahramanmaraş,Pazarcık,Light,2018,Shallow,1
2020-07-17 21:32:23.233000+00:00,37.3676,36.3699,10.0,4.0,mb,30.579625292740047,69.0,0.697,0.82,us,us6000b2u9,2020-09-26T16:58:24.040Z,"23 km S of And?r?n, Turkey",earthquake,1.5,2.0,0.15,12.0,reviewed,us,us, Turkey,"(37.3676, 36.3699)","Akyıldız, Andırın, Kahramanmaraş, Akdeniz Bölgesi, Türkiye",Kahramanmaraş,Andırın,Light,2020,Shallow,1
2022-07-26 06:11:00.782000+00:00,37.363,37.0592,10.0,4.0,mb,51.0,44.0,1.768,0.63,us,us7000hth8,2022-10-01T22:09:52.040Z,"25 km WSW of Pazarc?k, Turkey",earthquake,5.28,1.933,0.108,23.0,reviewed,us,us, Turkey,"(37.363, 37.0592)","Arslanbey Çiftliği, Dulkadiroğlu, Kahramanmaraş, Akdeniz Bölgesi, Türkiye",Kahramanmaraş,Dulkadiroğlu,Light,2022,Shallow,1
2022-08-13 03:50:46.570000+00:00,37.4826,37.0408,10.0,4.2,mb,37.0,78.0,1.66,1.02,us,us6000iafh,2022-10-28T02:25:33.040Z,"15 km SE of Kahramanmara?, Turkey",earthquake,2.18,1.909,0.146,13.0,reviewed,us,us, Turkey,"(37.4826, 37.0408)","Güzelyurt, Dulkadiroğlu, Kahramanmaraş, Akdeniz Bölgesi, Türkiye",Kahramanmaraş,Dulkadiroğlu,Light,2022,Shallow,1
2022-10-20 11:34:59.790000+00:00,37.3677,37.2943,10.0,4.3,mb,48.0,37.0,1.871,0.78,us,us6000iv68,2022-12-31T23:03:41.040Z,"13 km S of Pazarc?k, Turkey",earthquake,4.23,1.452,0.133,16.0,reviewed,us,us, Turkey,"(37.3677, 37.2943)","Konak, Pazarcık, Kahramanmaraş, Akdeniz Bölgesi, 46700, Türkiye",Kahramanmaraş,Konak,Light,2022,Shallow,1
2022-10-20 17:14:03.438000+00:00,37.4183,37.142,10.0,4.1,mb,56.0,34.0,1.758,0.99,us,us6000ivav,2022-12-31T23:03:44.040Z,"15 km WSW of Pazarc?k, Turkey",earthquake,4.56,1.604,0.12,19.0,reviewed,us,us, Turkey,"(37.4183, 37.142)","Bertizli, Eskinarlı, Dulkadiroğlu, Kahramanmaraş, Akdeniz Bölgesi, Türkiye",Kahramanmaraş,Dulkadiroğlu,Light,2022,Shallow,1
2023-02-06 01:51:43.490000+00:00,37.4756,37.1578,7.445,4.7,mb,76.0,77.0,0.306,0.84,us,us6000jm4n,2023-03-07T03:02:00.040Z,"12 km W of Pazarc?k, Turkey",earthquake,4.88,4.304,0.08,47.0,reviewed,us,us, Turkey,"(37.4756, 37.1578)","Haydarlı, Doğanlıkarahasan, Dulkadiroğlu, Kahramanmaraş, Akdeniz Bölgesi, Türkiye",Kahramanmaraş,Dulkadiroğlu,Light,2023,Shallow,1
2023-02-06 01:56:29.834000+00:00,37.7175,37.3615,10.0,4.3,mb,16.0,89.0,0.558,0.49,us,us6000jnvm,2023-03-09T00:08:23.040Z,"7 km ESE of Ça?layancerit, Turkey",earthquake,3.65,1.953,0.178,9.0,reviewed,us,us, Turkey,"(37.7175, 37.3615)","Keklicek, Çağlayancerit, Kahramanmaraş, Akdeniz Bölgesi, 46720, Türkiye",Kahramanmaraş,Çağlayancerit,Light,2023,Shallow,1
2023-02-06 02:01:45.687000+00:00,37.3512,37.095,10.502,4.8,mb,77.0,81.0,0.201,0.72,us,us6000jlmy,2023-03-07T02:13:01.040Z,"23 km SW of Pazarc?k, Turkey",earthquake,5.22,4.226,0.076,53.0,reviewed,us,us, Turkey,"(37.3512, 37.095)","Sarıerik, Pazarcık, Kahramanmaraş, Akdeniz Bölgesi, 46700, Türkiye",Kahramanmaraş,Pazarcık,Light,2023,Shallow,1
2023-02-06 02:16:09.128000+00:00,37.4468,37.0449,10.0,4.2,mb,13.0,129.0,0.304,0.4,us,us6000jmn3,2023-03-06T04:28:37.040Z,"18 km SE of Kahramanmara?, Turkey",earthquake,4.28,1.954,0.235,5.0,reviewed,us,us, Turkey,"(37.4468, 37.0449)","Yeniyurt, Dulkadiroğlu, Kahramanmaraş, Akdeniz Bölgesi, Türkiye",Kahramanmaraş,Dulkadiroğlu,Light,2023,Shallow,1
2023-02-06 02:21:20.561000+00:00,37.4358,37.0658,14.349,4.2,mb,34.0,83.0,0.287,0.7,us,us6000jmn5,2023-03-06T04:09:28.040Z,"20 km SE of Kahramanmara?, Turkey",earthquake,3.8,4.705,0.115,21.0,reviewed,us,us, Turkey,"(37.4358, 37.0658)","Çınarlı, Dulkadiroğlu, Kahramanmaraş, Akdeniz Bölgesi, Türkiye",Kahramanmaraş,Çınar,Light,2023,Shallow,1
2023-02-06 02:28:43.721000+00:00,37.4292,36.9502,8.01,4.1,mb,21.0,146.0,0.086,0.57,us,us6000jnw1,2023-03-02T22:46:36.040Z,"17 km S of Kahramanmara?, Turkey",earthquake,5.34,7.776,0.235,5.0,reviewed,us,us, Turkey,"(37.4292, 36.9502)","Öksüzlü, Dulkadiroğlu, Kahramanmaraş, Akdeniz Bölgesi, Türkiye",Kahramanmaraş,Dulkadiroğlu,Light,2023,Shallow,1
2023-02-06 02:31:26.171000+00:00,37.4137,36.8216,12.112,4.5,mb,42.0,156.0,0.111,0.65,us,us6000jnsi,2023-03-02T22:30:12.040Z,Central Turkey,earthquake,6.24,4.994,0.113,23.0,reviewed,us,us,,"(37.4137, 36.8216)","Yenipınar, Türkoğlu, Kahramanmaraş, Akdeniz Bölgesi, 46800, Türkiye",Kahramanmaraş,Türkoğlu,Light,2023,Shallow,1
2023-02-06 02:32:08.686000+00:00,37.5639,37.1467,17.393,4.5,mb,32.0,81.0,0.205,1.0,us,us6000jnw0,2023-03-02T07:06:05.040Z,"15 km WNW of Pazarc?k, Turkey",earthquake,5.8,4.065,0.124,19.0,reviewed,us,us, Turkey,"(37.5639, 37.1467)","Dulkadiroğlu, Kahramanmaraş, Akdeniz Bölgesi, Türkiye",Kahramanmaraş,Dulkadiroğlu,Light,2023,Shallow,1
2023-02-06 02:34:18.119000+00:00,37.4941,37.2266,14.637,4.3,mb,41.0,91.0,0.322,0.6,us,us6000jnry,2023-03-02T06:02:30.040Z,Central Turkey,earthquake,6.91,5.929,0.111,23.0,reviewed,us,us,,"(37.4941, 37.2266)","Yarbaşı, Pazarcık, Kahramanmaraş, Akdeniz Bölgesi, 46700, Türkiye",Kahramanmaraş,Pazarcık,Light,2023,Shallow,1
2023-02-06 03:12:11.339000+00:00,37.5003,37.3267,3.572,4.5,mb,79.0,76.0,0.341,0.68,us,us6000jln3,2023-03-01T02:56:47.970Z,"2 km ENE of Pazarc?k, Turkey",earthquake,5.28,4.287,0.074,53.0,reviewed,us,us, Turkey,"(37.5003, 37.3267)","Mehmet Emin Arıkoğlu, Pazarcık, Kahramanmaraş, Akdeniz Bölgesi, 46700, Türkiye",Kahramanmaraş,Pazarcık,Light,2023,Shallow,1
2023-02-06 03:19:15.155000+00:00,37.733,37.4257,10.0,4.0,mb,17.0,95.0,1.042,0.57,us,us6000jnrj,2023-03-01T01:48:54.040Z,"12 km E of Ça?layancerit, Turkey",earthquake,3.43,1.973,0.212,6.0,reviewed,us,us, Turkey,"(37.733, 37.4257)","Bozlar, Çağlayancerit, Kahramanmaraş, Akdeniz Bölgesi, 46720, Türkiye",Kahramanmaraş,Çağlayancerit,Light,2023,Shallow,1
2023-02-06 03:54:00.586000+00:00,37.7604,37.4251,14.46,4.3,mb,32.0,90.0,0.612,0.71,us,us6000jnrm,2023-02-28T04:28:11.040Z,"12 km E of Ça?layancerit, Turkey",earthquake,2.96,4.766,0.153,12.0,reviewed,us,us, Turkey,"(37.7604, 37.4251)","Çağlayancerit, Kahramanmaraş, Akdeniz Bölgesi, 46720, Türkiye",Kahramanmaraş,Çağlayancerit,Light,2023,Shallow,1
2023-02-06 03:55:10.580000+00:00,37.3982,36.8946,10.0,4.2,mb,14.0,160.0,0.338,0.7,us,us6000jnrr,2023-02-28T04:46:37.040Z,"20 km S of Kahramanmara?, Turkey",earthquake,2.7,1.995,0.199,7.0,reviewed,us,us, Turkey,"(37.3982, 36.8946)","Çamrak, Türkoğlu, Kahramanmaraş, Akdeniz Bölgesi, 46800, Türkiye",Kahramanmaraş,Türkoğlu,Light,2023,Shallow,1
2023-02-06 04:04:22.647000+00:00,37.8315,37.3919,5.017,4.4,mb,65.0,83.0,0.674,0.52,us,us6000jlnc,2023-02-28T03:45:19.040Z,Central Turkey,earthquake,4.66,4.563,0.088,37.0,reviewed,us,us,,"(37.8315, 37.3919)","Çağlayancerit, Kahramanmaraş, Akdeniz Bölgesi, 46720, Türkiye",Kahramanmaraş,Çağlayancerit,Light,2023,Shallow,1
2023-02-06 04:05:15.992000+00:00,37.7658,37.4588,10.0,4.1,mb,22.0,119.0,0.625,1.15,us,us6000jnvn,2023-02-28T03:51:50.040Z,"15 km E of Ça?layancerit, Turkey",earthquake,2.67,1.854,0.157,11.0,reviewed,us,us, Turkey,"(37.7658, 37.4588)","Çağlayancerit, Kahramanmaraş, Akdeniz Bölgesi, 46720, Türkiye",Kahramanmaraş,Çağlayancerit,Light,2023,Shallow,1
2023-02-06 04:16:49.374000+00:00,37.5236,37.2784,11.788,4.5,mb,88.0,66.0,0.355,0.43,us,us6000jlnd,2023-02-28T02:30:22.115Z,"4 km NNW of Pazarc?k, Turkey",earthquake,2.71,4.618,0.072,57.0,reviewed,us,us, Turkey,"(37.5236, 37.2784)","Çiçekalanı, Pazarcık, Kahramanmaraş, Akdeniz Bölgesi, 46700, Türkiye",Kahramanmaraş,Pazarcık,Light,2023,Shallow,1
2023-02-06 04:24:45.154000+00:00,37.555,37.2001,13.385,4.1,mb,25.0,93.0,0.382,0.56,us,us6000jnvd,2023-02-23T04:21:51.040Z,"11 km NW of Pazarc?k, Turkey",earthquake,3.11,5.604,0.214,6.0,reviewed,us,us, Turkey,"(37.555, 37.2001)","Kuzucak, Dulkadiroğlu, Kahramanmaraş, Akdeniz Bölgesi, Türkiye",Kahramanmaraş,Dulkadiroğlu,Light,2023,Shallow,1
2023-02-06 04:39:47.868000+00:00,37.7907,37.4444,17.034,4.3,mb,51.0,96.0,0.645,0.54,us,us6000jlnq,2023-02-23T03:44:50.040Z,"14 km ENE of Ça?layancerit, Turkey",earthquake,4.39,4.707,0.097,30.0,reviewed,us,us, Turkey,"(37.7907, 37.4444)","Çağlayancerit, Kahramanmaraş, Akdeniz Bölgesi, 46720, Türkiye",Kahramanmaraş,Çağlayancerit,Light,2023,Shallow,1
2023-02-06 04:56:05.491000+00:00,37.4609,37.1603,16.174,4.5,mb,84.0,69.0,0.291,0.64,us,us6000jlnu,2023-02-23T03:10:16.040Z,"12 km WSW of Pazarc?k, Turkey",earthquake,6.53,4.698,0.074,53.0,reviewed,us,us, Turkey,"(37.4609, 37.1603)","Dulkadiroğlu, Kahramanmaraş, Akdeniz Bölgesi, Türkiye",Kahramanmaraş,Dulkadiroğlu,Light,2023,Shallow,1
2023-02-06 05:04:31.901000+00:00,37.3768,37.0793,11.165,4.2,mb,19.0,136.0,0.229,0.5,us,us6000jnvb,2023-03-10T02:30:21.040Z,Central Turkey,earthquake,8.89,7.385,0.176,9.0,reviewed,us,us,,"(37.3768, 37.0793)","Maksutuşağı, Dulkadiroğlu, Kahramanmaraş, Akdeniz Bölgesi, Türkiye",Kahramanmaraş,Dulkadiroğlu,Light,2023,Shallow,1
2023-02-06 05:12:52.692000+00:00,37.4966,37.1888,5.336,4.4,mb,29.0,85.0,0.324,1.11,us,us6000jnrx,2023-03-10T02:47:27.040Z,"9 km W of Pazarc?k, Turkey",earthquake,2.52,5.123,0.162,11.0,reviewed,us,us, Turkey,"(37.4966, 37.1888)","Söğütlü, Dulkadiroğlu, Kahramanmaraş, Akdeniz Bölgesi, Türkiye",Kahramanmaraş,Söğüt,Light,2023,Shallow,1
2023-02-06 06:14:38.909000+00:00,37.4072,36.9513,10.0,4.3,mb,31.0,135.0,0.312,0.37,us,us6000jns3,2023-03-10T05:36:53.040Z,"19 km S of Kahramanmara?, Turkey",earthquake,1.69,1.927,0.177,9.0,reviewed,us,us, Turkey,"(37.4072, 36.9513)","Camuzoğlu, Türkoğlu, Kahramanmaraş, Akdeniz Bölgesi, 46800, Türkiye",Kahramanmaraş,Türkoğlu,Light,2023,Shallow,1
2023-02-06 06:26:28.410000+00:00,37.3937,37.1491,10.0,4.5,mb,71.0,107.0,0.226,0.69,us,us6000jlsg,2023-03-08T17:57:40.040Z,"16 km SW of Pazarc?k, Turkey",earthquake,5.0,1.899,0.081,45.0,reviewed,us,us, Turkey,"(37.3937, 37.1491)","şehit kubilay caddesi, Narlı, Narlı İsmetpaşa, Çiğdemtepe, Pazarcık, Kahramanmaraş, Akdeniz Bölgesi, 46700, Türkiye",Kahramanmaraş,Pazarcık,Light,2023,Shallow,1
2023-02-06 06:54:57.492000+00:00,37.6539,37.392,10.0,4.8,mb,105.0,56.0,0.502,0.53,us,us6000jlp9,2023-03-10T05:23:48.040Z,"13 km SE of Ça?layancerit, Turkey",earthquake,6.38,1.836,0.062,82.0,reviewed,us,us, Turkey,"(37.6539, 37.392)","Sakarkaya, Pazarcık, Kahramanmaraş, Akdeniz Bölgesi, 46700, Türkiye",Kahramanmaraş,Pazarcık,Light,2023,Shallow,1
2023-02-06 08:52:37.361000+00:00,37.4633,37.2102,10.0,4.8,mb,82.0,57.0,0.291,0.81,us,us6000jlpv,2023-03-10T04:15:01.040Z,"8 km WSW of Pazarc?k, Turkey",earthquake,2.56,1.621,0.069,65.0,reviewed,us,us, Turkey,"(37.4633, 37.2102)","Yolboyu, Pazarcık, Kahramanmaraş, Akdeniz Bölgesi, 46700, Türkiye",Kahramanmaraş,Pazarcık,Light,2023,Shallow,1
2023-02-06 09:36:17.694000+00:00,37.448,36.866,10.0,4.3,mb,46.0,70.0,0.435,1.27,us,us6000jlq5,2023-03-08T07:27:38.738Z,"16 km SSW of Kahramanmara?, Turkey",earthquake,3.16,1.732,0.137,15.0,reviewed,us,us, Turkey,"(37.448, 36.866)","Çakallıçullu, Türkoğlu, Kahramanmaraş, Akdeniz Bölgesi, 46800, Türkiye",Kahramanmaraş,Türkoğlu,Light,2023,Shallow,1
2023-02-06 10:24:50.054000+00:00,38.0155,37.2056,14.962,7.5,mww,114.0,29.0,0.733,0.69,us,us6000jlqa,2023-03-17T19:16:09.089Z,"Elbistan earthquake, Kahramanmaras earthquake sequence",earthquake,4.87,0.662,0.041,58.0,reviewed,us,us, Kahramanmaras earthquake sequence,"(38.0155, 37.2056)","Sarıgöl, Tepeoba, Altınyaprak, Ekinözü, Kahramanmaraş, Akdeniz Bölgesi, 46360, Türkiye",Kahramanmaraş,Sarıgöl,Major,2023,Shallow,1
2023-02-06 10:32:08.932000+00:00,37.9962,37.2033,14.057,5.4,mb,44.0,66.0,0.742,0.98,us,us6000jnt0,2023-03-08T17:40:34.040Z,"7 km S of Ekinözü, Turkey",earthquake,4.09,3.651,0.176,20.0,reviewed,us,us, Turkey,"(37.9962, 37.2033)","Uzuntepe, Altınyaprak, Ekinözü, Kahramanmaraş, Akdeniz Bölgesi, 46360, Türkiye",Kahramanmaraş,Ekinözü,Moderate,2023,Shallow,1
2023-02-06 10:44:47.882000+00:00,38.0849,37.6577,16.034,4.6,mb,36.0,119.0,1.124,0.75,us,us6000jnu5,2023-03-09T07:24:50.040Z,"18 km W of Do?an?ehir, Turkey",earthquake,4.25,4.669,0.182,12.0,reviewed,us,us, Turkey,"(38.0849, 37.6577)","Elbistan, Kahramanmaraş, Akdeniz Bölgesi, 46300, Türkiye",Kahramanmaraş,Elbistan,Light,2023,Shallow,1
2023-02-06 10:46:56.573000+00:00,38.0358,36.8014,10.0,4.6,mb,35.0,64.0,0.478,0.75,us,us6000jnt5,2023-03-09T08:13:47.040Z,Central Turkey,earthquake,6.4,1.83,0.207,8.0,reviewed,us,us,,"(38.0358, 36.8014)","Kınıkkoz, Göksun, Kahramanmaraş, Akdeniz Bölgesi, 46600, Türkiye",Kahramanmaraş,Kınık,Light,2023,Shallow,1
2023-02-06 10:47:41.760000+00:00,38.0223,36.6498,10.0,4.7,mb,46.0,56.0,0.425,1.01,us,us6000jnw7,2023-03-09T09:06:03.040Z,"13 km E of Göksun, Turkey",earthquake,3.77,1.854,0.196,12.0,reviewed,us,us, Turkey,"(38.0223, 36.6498)","Kalesalyan, Ahmetcik, Göksun, Kahramanmaraş, Akdeniz Bölgesi, 46600, Türkiye",Kahramanmaraş,Kale,Light,2023,Shallow,1
2023-02-06 10:56:24.688000+00:00,37.9728,37.3801,10.0,4.6,mb,29.0,96.0,0.811,0.71,us,us6000jnt4,2023-03-09T14:27:53.040Z,Central Turkey,earthquake,4.71,1.926,0.222,6.0,reviewed,us,us,,"(37.9728, 37.3801)","46-03, Kızılca, Kıyılar, Nurhak, Kahramanmaraş, Akdeniz Bölgesi, 46370, Türkiye",Kahramanmaraş,Nurhak,Light,2023,Shallow,1
2023-02-06 11:01:36.485000+00:00,37.8259,37.4436,13.77,4.8,mb,50.0,50.0,0.679,0.57,us,us6000jlqy,2023-02-24T06:36:15.036Z,"15 km S of Nurhak, Turkey",earthquake,5.37,3.889,0.109,26.0,reviewed,us,us, Turkey,"(37.8259, 37.4436)","Çağlayancerit, Kahramanmaraş, Akdeniz Bölgesi, 46720, Türkiye",Kahramanmaraş,Çağlayancerit,Light,2023,Shallow,1
2023-02-06 11:04:38.987000+00:00,38.0723,36.6628,15.349,4.2,mb,30.0,53.0,0.386,0.78,us,us6000jnt8,2023-02-18T07:05:06.040Z,"15 km ENE of Göksun, Turkey",earthquake,6.68,6.769,0.14,14.0,reviewed,us,us, Turkey,"(38.0723, 36.6628)","Gücüksu, Göksun, Kahramanmaraş, Akdeniz Bölgesi, 46600, Türkiye",Kahramanmaraş,Göksun,Light,2023,Shallow,1
2023-02-06 11:05:35.084000+00:00,38.0752,36.7588,5.968,5.1,mb,86.0,68.0,0.426,0.61,us,us6000jlqr,2023-02-20T09:23:49.233Z,"23 km SW of Af?in, Turkey",earthquake,5.12,4.724,0.071,64.0,reviewed,us,us, Turkey,"(38.0752, 36.7588)","Göksun, Kahramanmaraş, Akdeniz Bölgesi, 46600, Türkiye",Kahramanmaraş,Göksun,Moderate,2023,Shallow,1
2023-02-06 11:11:40.849000+00:00,37.9593,37.3732,10.0,4.9,mb,56.0,65.0,0.797,0.64,us,us6000jlqx,2023-03-17T05:23:28.040Z,"5 km W of Nurhak, Turkey",earthquake,3.8,1.888,0.078,52.0,reviewed,us,us, Turkey,"(37.9593, 37.3732)","Umutlu yolu, Nurhak, Kahramanmaraş, Akdeniz Bölgesi, 46370, Türkiye",Kahramanmaraş,Nurhak,Moderate,2023,Shallow,1
2023-02-06 11:28:33.812000+00:00,37.9264,36.9995,18.104,4.2,mb,20.0,156.0,0.623,0.34,us,us6000jnwp,2023-02-19T06:33:53.040Z,"22 km SW of Ekinözü, Turkey",earthquake,5.95,7.845,0.186,8.0,reviewed,us,us, Turkey,"(37.9264, 36.9995)","Demirciler, Ekinözü, Kahramanmaraş, Akdeniz Bölgesi, 46360, Türkiye",Kahramanmaraş,Demirci,Light,2023,Shallow,1
2023-02-06 11:35:28.583000+00:00,37.9417,37.351,17.733,4.5,mb,95.0,64.0,0.776,0.41,us,us6000jlr9,2023-02-24T07:16:59.618Z,"8 km WSW of Nurhak, Turkey",earthquake,4.43,4.246,0.074,54.0,reviewed,us,us, Turkey,"(37.9417, 37.351)","Umutlu yolu, Nurhak, Kahramanmaraş, Akdeniz Bölgesi, 46370, Türkiye",Kahramanmaraş,Nurhak,Light,2023,Shallow,1
2023-02-06 11:39:41.665000+00:00,38.0622,36.5678,11.405,4.8,mb,75.0,41.0,0.364,0.56,us,us6000jlr7,2023-02-24T07:01:05.040Z,Unknown,earthquake,3.88,4.525,0.07,62.0,reviewed,us,us,,"(38.0622, 36.5678)","Göksun - Elbistan yolu, Kazmadere, Yağmurlu, Göksun, Kahramanmaraş, Akdeniz Bölgesi, 46600, Türkiye",Kahramanmaraş,Elbistan,Light,2023,Shallow,1
2023-02-06 11:50:04.398000+00:00,37.9721,36.3402,5.716,4.5,mb,60.0,52.0,0.391,0.34,us,us6000jlra,2023-02-24T07:27:39.040Z,"14 km WSW of Göksun, Turkey",earthquake,4.22,4.533,0.096,32.0,reviewed,us,us, Turkey,"(37.9721, 36.3402)","Başkaya, Huğtaş, Göksun, Kahramanmaraş, Akdeniz Bölgesi, 46600, Türkiye",Kahramanmaraş,Göksun,Light,2023,Shallow,1
2023-02-06 11:55:57.601000+00:00,38.0599,36.6805,7.09,4.3,mb,36.0,63.0,0.404,0.5,us,us6000jntd,2023-02-18T08:30:09.040Z,"16 km ENE of Göksun, Turkey",earthquake,3.17,6.263,0.137,15.0,reviewed,us,us, Turkey,"(38.0599, 36.6805)","Göksun - Çardak yolu, Fındık, Göksun, Kahramanmaraş, Akdeniz Bölgesi, 46600, Türkiye",Kahramanmaraş,Çardak,Light,2023,Shallow,1
2023-02-06 11:58:37.429000+00:00,38.0509,37.5686,15.351,4.7,mb,77.0,73.0,0.922,0.51,us,us6000jlrb,2023-02-24T07:39:16.040Z,Central Turkey,earthquake,3.81,3.359,0.066,70.0,reviewed,us,us,,"(38.0509, 37.5686)","Nurhak, Kahramanmaraş, Akdeniz Bölgesi, 46370, Türkiye",Kahramanmaraş,Nurhak,Light,2023,Shallow,1
2023-02-06 12:02:11.275000+00:00,38.0582,36.5114,8.516,6.0,mb,138.0,25.0,0.356,0.54,us,us6000jlrc,2023-03-17T05:21:08.514Z,"4 km NNE of Göksun, Turkey",earthquake,4.32,3.954,0.024,647.0,reviewed,us,us, Turkey,"(38.0582, 36.5114)","Ortatepe, Göksun, Kahramanmaraş, Akdeniz Bölgesi, 46600, Türkiye",Kahramanmaraş,Orta,Strong,2023,Shallow,1
2023-02-06 12:07:32.722000+00:00,38.0169,36.4016,8.28,4.4,mb,21.0,74.0,0.39,0.34,us,us6000jnwq,2023-02-19T09:28:26.040Z,"8 km W of Göksun, Turkey",earthquake,2.47,4.863,0.19,8.0,reviewed,us,us, Turkey,"(38.0169, 36.4016)","Acıelma, Göksun, Kahramanmaraş, Akdeniz Bölgesi, 46600, Türkiye",Kahramanmaraş,Göksun,Light,2023,Shallow,1
2023-02-06 12:13:48.646000+00:00,37.9248,37.3761,17.77,4.7,mb,87.0,66.0,0.763,0.38,us,us6000jlrg,2023-02-25T06:32:12.040Z,"7 km SW of Nurhak, Turkey",earthquake,3.3,4.0,0.063,78.0,reviewed,us,us, Turkey,"(37.9248, 37.3761)","Biçin, Nurhak, Kahramanmaraş, Akdeniz Bölgesi, 46370, Türkiye",Kahramanmaraş,Nurhak,Light,2023,Shallow,1
2023-02-06 12:21:18.492000+00:00,38.0621,36.4541,8.221,4.4,mb,49.0,52.0,0.346,0.51,us,us6000jlrh,2023-02-25T06:38:43.812Z,Central Turkey,earthquake,3.46,4.939,0.107,25.0,reviewed,us,us,,"(38.0621, 36.4541)","Göksun, Kahramanmaraş, Akdeniz Bölgesi, 46600, Türkiye",Kahramanmaraş,Göksun,Light,2023,Shallow,1
2023-02-06 12:31:40.752000+00:00,37.8798,37.4824,16.174,4.2,mb,36.0,60.0,0.739,0.36,us,us6000jntg,2023-02-18T08:47:18.040Z,Central Turkey,earthquake,2.91,4.535,0.115,21.0,reviewed,us,us,,"(37.8798, 37.4824)","Çağlayancerit, Kahramanmaraş, Akdeniz Bölgesi, 46720, Türkiye",Kahramanmaraş,Çağlayancerit,Light,2023,Shallow,1
2023-02-06 12:48:01.449000+00:00,38.0382,36.8659,13.923,4.3,mb,48.0,55.0,0.51,0.5,us,us6000jlrp,2023-02-25T08:55:34.040Z,Unknown,earthquake,4.62,5.289,0.133,16.0,reviewed,us,us,,"(38.0382, 36.8659)","Göksun, Kahramanmaraş, Akdeniz Bölgesi, 46600, Türkiye",Kahramanmaraş,Göksun,Light,2023,Shallow,1
2023-02-06 12:54:39.920000+00:00,38.0519,36.864,18.833,4.6,mb,77.0,48.0,0.499,0.38,us,us6000jlrq,2023-03-17T04:33:48.040Z,"22 km SSW of Af?in, Turkey",earthquake,4.11,4.53,0.085,41.0,reviewed,us,us, Turkey,"(38.0519, 36.864)","Göksun, Kahramanmaraş, Akdeniz Bölgesi, 46600, Türkiye",Kahramanmaraş,Göksun,Light,2023,Shallow,1
2023-02-06 13:00:18.127000+00:00,38.1156,36.6841,10.0,4.5,mb,34.0,97.0,0.986,0.59,us,us6000jlrt,2023-03-15T21:57:25.040Z,"19 km ENE of Göksun, Turkey",earthquake,4.59,1.804,0.118,21.0,reviewed,us,us, Turkey,"(38.1156, 36.6841)","Karaömer, Göksun, Kahramanmaraş, Akdeniz Bölgesi, 46600, Türkiye",Kahramanmaraş,Göksun,Light,2023,Shallow,1
2023-02-06 13:03:17.843000+00:00,37.9978,37.4732,9.48,4.6,mb,80.0,77.0,0.85,0.8,us,us6000jntk,2023-03-15T22:04:12.040Z,"4 km NE of Nurhak, Turkey",earthquake,5.47,4.502,0.085,41.0,reviewed,us,us, Turkey,"(37.9978, 37.4732)","Nurhak, Kahramanmaraş, Akdeniz Bölgesi, 46370, Türkiye",Kahramanmaraş,Nurhak,Light,2023,Shallow,1
2023-02-06 13:06:39.750000+00:00,37.991,37.2762,19.665,4.5,mb,57.0,60.0,0.794,0.94,us,us6000jnu4,2023-03-15T22:05:57.040Z,"10 km SE of Ekinözü, Turkey",earthquake,4.47,4.524,0.108,25.0,reviewed,us,us, Turkey,"(37.991, 37.2762)","Barış, Nurhak, Kahramanmaraş, Akdeniz Bölgesi, 46370, Türkiye",Kahramanmaraş,Nurhak,Light,2023,Shallow,0
2023-02-06 13:07:45.076000+00:00,38.0384,37.371,16.904,5.0,mb,114.0,56.0,0.836,0.67,us,us6000jlrv,2023-03-15T22:08:25.040Z,"10 km NW of Nurhak, Turkey",earthquake,2.07,3.632,0.053,115.0,reviewed,us,us, Turkey,"(38.0384, 37.371)","Nurhak, Kahramanmaraş, Akdeniz Bölgesi, 46370, Türkiye",Kahramanmaraş,Nurhak,Moderate,2023,Shallow,1
2023-02-06 13:11:56.990000+00:00,38.0104,36.6564,10.0,4.7,mb,61.0,42.0,0.945,0.74,us,us6000jlry,2023-02-14T22:54:42.040Z,"14 km E of Göksun, Turkey",earthquake,3.29,1.835,0.086,41.0,reviewed,us,us, Turkey,"(38.0104, 36.6564)","Elmalı, Göksun, Kahramanmaraş, Akdeniz Bölgesi, 46600, Türkiye",Kahramanmaraş,Elmalı,Light,2023,Shallow,1
2023-02-06 13:12:27.843000+00:00,37.9077,36.5237,10.0,4.8,mb,50.0,81.0,1.082,0.61,us,us6000jnvk,2023-02-14T23:14:32.040Z,Unknown,earthquake,5.57,1.857,0.118,22.0,reviewed,us,us,,"(37.9077, 36.5237)","Onikişubat, Kahramanmaraş, Akdeniz Bölgesi, Türkiye",Kahramanmaraş,Onikişubat,Light,2023,Shallow,1
2023-02-06 13:17:42.209000+00:00,37.9951,36.3843,10.0,4.9,mb,106.0,30.0,0.412,0.78,us,us6000jls0,2023-02-15T23:06:10.217Z,Unknown,earthquake,5.62,1.798,0.057,98.0,reviewed,us,us,,"(37.9951, 36.3843)","Başkaya, Huğtaş, Göksun, Kahramanmaraş, Akdeniz Bölgesi, 46600, Türkiye",Kahramanmaraş,Göksun,Moderate,2023,Shallow,1
2023-02-06 13:22:01.325000+00:00,38.0367,37.3789,10.761,4.4,mb,40.0,71.0,0.874,0.49,us,us6000jntp,2023-02-15T22:48:17.040Z,Central Turkey,earthquake,4.67,4.794,0.144,14.0,reviewed,us,us,,"(38.0367, 37.3789)","Nurhak, Kahramanmaraş, Akdeniz Bölgesi, 46370, Türkiye",Kahramanmaraş,Nurhak,Light,2023,Shallow,1
2023-02-06 13:33:15.653000+00:00,37.9231,37.5399,15.685,4.2,mb,32.0,64.0,0.794,1.06,us,us6000jnu9,2023-02-16T21:05:19.040Z,"9 km ESE of Nurhak, Turkey",earthquake,5.73,3.69,0.235,5.0,reviewed,us,us, Turkey,"(37.9231, 37.5399)","Nurhak, Kahramanmaraş, Akdeniz Bölgesi, 46370, Türkiye",Kahramanmaraş,Nurhak,Light,2023,Shallow,1
2023-02-06 13:44:51.298000+00:00,37.9405,37.4916,16.865,5.0,mb,106.0,64.0,0.799,0.71,us,us6000jls6,2023-02-19T15:29:19.859Z,"5 km ESE of Nurhak, Turkey",earthquake,3.9,3.84,0.055,105.0,reviewed,us,us, Turkey,"(37.9405, 37.4916)","Eskiköy, Nurhak, Kahramanmaraş, Akdeniz Bölgesi, 46370, Türkiye",Kahramanmaraş,Nurhak,Moderate,2023,Shallow,1
2023-02-06 13:58:50.413000+00:00,38.0588,36.4642,10.0,4.3,mb,38.0,80.0,0.35,0.84,us,us6000jnts,2023-02-19T15:49:55.040Z,"5 km NW of Göksun, Turkey",earthquake,2.54,1.925,0.148,13.0,reviewed,us,us, Turkey,"(38.0588, 36.4642)","Göksun, Kahramanmaraş, Akdeniz Bölgesi, 46600, Türkiye",Kahramanmaraş,Göksun,Light,2023,Shallow,1
2023-02-06 14:04:49.444000+00:00,37.9944,36.4533,10.0,4.4,mb,67.0,36.0,0.413,0.64,us,us6000jls9,2023-02-19T16:04:09.040Z,"4 km SW of Göksun, Turkey",earthquake,2.34,1.873,0.098,30.0,reviewed,us,us, Turkey,"(37.9944, 36.4533)","Yenimahalle, Yiricek, Göksun, Kahramanmaraş, Akdeniz Bölgesi, 46600, Türkiye",Kahramanmaraş,Yenimahalle,Light,2023,Shallow,1
2023-02-06 14:10:09.968000+00:00,37.7257,37.385,10.0,4.5,mb,102.0,66.0,0.57,0.87,us,us6000jlsb,2023-02-19T16:13:59.040Z,"8 km ESE of Ça?layancerit, Turkey",earthquake,5.75,1.875,0.075,52.0,reviewed,us,us, Turkey,"(37.7257, 37.385)","Çağlayancerit, Kahramanmaraş, Akdeniz Bölgesi, 46720, Türkiye",Kahramanmaraş,Çağlayancerit,Light,2023,Shallow,1
2023-02-06 14:17:18.854000+00:00,37.8732,37.3571,21.255,4.4,mb,66.0,79.0,0.71,0.77,us,us6000jlsd,2023-03-15T22:17:17.040Z,"12 km SW of Nurhak, Turkey",earthquake,4.36,2.999,0.086,39.0,reviewed,us,us, Turkey,"(37.8732, 37.3571)","Çağlayancerit, Kahramanmaraş, Akdeniz Bölgesi, 46720, Türkiye",Kahramanmaraş,Çağlayancerit,Light,2023,Shallow,0
2023-02-06 14:29:57.853000+00:00,37.9977,36.4927,10.0,4.7,mb,104.0,39.0,0.413,0.89,us,us6000jlsf,2023-02-19T16:41:10.040Z,"2 km S of Göksun, Turkey",earthquake,3.64,1.831,0.066,70.0,reviewed,us,us, Turkey,"(37.9977, 36.4927)","46-78, Yenimahalle, Göksun, Kahramanmaraş, Akdeniz Bölgesi, 46600, Türkiye",Kahramanmaraş,Yenimahalle,Light,2023,Shallow,1
2023-02-06 14:41:57.177000+00:00,38.1782,37.7439,10.0,4.5,mb,60.0,65.0,1.068,1.16,us,us6000jlsj,2023-03-15T22:17:39.040Z,"15 km NW of Do?an?ehir, Turkey",earthquake,3.68,1.899,0.113,23.0,reviewed,us,us, Turkey,"(38.1782, 37.7439)","Elbistan, Kahramanmaraş, Akdeniz Bölgesi, 46300, Türkiye",Kahramanmaraş,Elbistan,Light,2023,Shallow,1
2023-02-06 15:59:27.990000+00:00,38.0709,37.5505,10.0,4.2,mb,44.0,75.0,0.937,1.22,us,us6000jnwa,2023-02-19T18:27:08.040Z,"15 km NE of Nurhak, Turkey",earthquake,2.25,1.916,0.141,14.0,reviewed,us,us, Turkey,"(38.0709, 37.5505)","Nurhak, Kahramanmaraş, Akdeniz Bölgesi, 46370, Türkiye",Kahramanmaraş,Nurhak,Light,2023,Shallow,1
2023-02-06 16:06:42.958000+00:00,37.9972,36.9911,10.0,4.3,mb,52.0,51.0,0.609,0.83,us,us6000jlsy,2023-02-19T18:34:21.040Z,"18 km WSW of Ekinözü, Turkey",earthquake,3.24,1.158,0.119,20.0,reviewed,us,us, Turkey,"(37.9972, 36.9911)","Ekinözü, Kahramanmaraş, Akdeniz Bölgesi, 46360, Türkiye",Kahramanmaraş,Ekinözü,Light,2023,Shallow,1
2023-02-06 16:21:46.033000+00:00,38.0912,36.433,10.0,4.1,mb,33.0,49.0,0.316,1.08,us,us6000jnua,2023-02-19T19:14:24.040Z,"9 km NW of Göksun, Turkey",earthquake,1.65,1.901,0.198,7.0,reviewed,us,us, Turkey,"(38.0912, 36.433)","Mehmetbey, Göksun, Kahramanmaraş, Akdeniz Bölgesi, 46600, Türkiye",Kahramanmaraş,Göksun,Light,2023,Shallow,1
2023-02-06 16:22:44.967000+00:00,38.0189,36.5048,3.826,4.1,mb,22.0,77.0,0.394,0.55,us,us6000jnwi,2023-02-19T20:11:23.040Z,"0 km ESE of Göksun, Turkey",earthquake,2.61,6.205,0.213,6.0,reviewed,us,us, Turkey,"(38.0189, 36.5048)","Bahçelievler, Göksun, Kahramanmaraş, Akdeniz Bölgesi, 46600, Türkiye",Kahramanmaraş,Bahçelievler,Light,2023,Shallow,1
2023-02-06 16:25:01.255000+00:00,38.0666,36.4607,10.0,4.2,mb,55.0,37.0,0.342,0.62,us,us6000jnuu,2023-02-19T20:23:02.040Z,"5 km NNW of Göksun, Turkey",earthquake,3.13,1.88,0.099,28.0,reviewed,us,us, Turkey,"(38.0666, 36.4607)","Göksun, Kahramanmaraş, Akdeniz Bölgesi, 46600, Türkiye",Kahramanmaraş,Göksun,Light,2023,Shallow,1
2023-02-06 16:26:15.464000+00:00,37.9826,36.8994,10.0,4.6,mb,122.0,44.0,0.569,0.58,us,us6000jlt5,2023-02-19T20:31:09.040Z,"26 km WSW of Ekinözü, Turkey",earthquake,2.78,1.812,0.064,72.0,reviewed,us,us, Turkey,"(37.9826, 36.8994)","Onikişubat, Kahramanmaraş, Akdeniz Bölgesi, Türkiye",Kahramanmaraş,Onikişubat,Light,2023,Shallow,1
2023-02-06 16:26:39.507000+00:00,38.0385,36.5982,10.0,4.8,mb,104.0,28.0,0.394,0.65,us,us6000jlt1,2023-02-19T21:00:22.040Z,"9 km ENE of Göksun, Turkey",earthquake,5.02,1.832,0.054,107.0,reviewed,us,us, Turkey,"(38.0385, 36.5982)","Saraycık, Göksun, Kahramanmaraş, Akdeniz Bölgesi, 46600, Türkiye",Kahramanmaraş,Göksun,Light,2023,Shallow,1
2023-02-06 16:27:19.278000+00:00,38.049,36.4154,10.0,4.6,mb,34.0,82.0,0.358,0.71,us,us6000jnwy,2023-02-19T21:11:22.040Z,"7 km WNW of Göksun, Turkey",earthquake,1.87,1.913,0.158,12.0,reviewed,us,us, Turkey,"(38.049, 36.4154)","Soğukpınar, Göksun, Kahramanmaraş, Akdeniz Bölgesi, 46600, Türkiye",Kahramanmaraş,Göksun,Light,2023,Shallow,1
2023-02-06 16:28:08.698000+00:00,37.4633,36.981,5.178,4.7,mb,57.0,66.0,0.343,0.92,us,us6000jnu7,2023-02-19T21:19:41.040Z,"14 km SSE of Kahramanmara?, Turkey",earthquake,5.05,4.494,0.096,33.0,reviewed,us,us, Turkey,"(37.4633, 36.981)","Tevekkelli, Dulkadiroğlu, Kahramanmaraş, Akdeniz Bölgesi, Türkiye",Kahramanmaraş,Dulkadiroğlu,Light,2023,Shallow,1
2023-02-06 16:43:28.541000+00:00,38.0007,36.5078,10.0,5.0,mwr,128.0,33.0,0.412,0.88,us,us6000jlta,2023-03-15T22:24:25.040Z,"2 km SSE of Göksun, Turkey",earthquake,2.97,1.831,0.073,18.0,reviewed,us,us, Turkey,"(38.0007, 36.5078)","Bahçelievler, Göksun, Kahramanmaraş, Akdeniz Bölgesi, 46600, Türkiye",Kahramanmaraş,Bahçelievler,Moderate,2023,Shallow,1
2023-02-06 16:55:35.783000+00:00,38.0112,37.4148,9.152,4.5,mb,110.0,56.0,0.853,0.57,us,us6000jlth,2023-02-19T21:48:23.040Z,"5 km NNW of Nurhak, Turkey",earthquake,3.83,4.113,0.073,55.0,reviewed,us,us, Turkey,"(38.0112, 37.4148)","Nurhak, Kahramanmaraş, Akdeniz Bölgesi, 46370, Türkiye",Kahramanmaraş,Nurhak,Light,2023,Shallow,1
2023-02-06 17:11:47.915000+00:00,37.9598,37.3381,10.0,4.3,mb,54.0,60.0,0.793,0.77,us,us6000jlu3,2023-03-08T19:12:34.040Z,"9 km W of Nurhak, Turkey",earthquake,1.65,1.903,0.129,17.0,reviewed,us,us, Turkey,"(37.9598, 37.3381)","Nurhak, Kahramanmaraş, Akdeniz Bölgesi, 46370, Türkiye",Kahramanmaraş,Nurhak,Light,2023,Shallow,1
2023-02-06 17:22:02.040000+00:00,38.1262,36.5145,10.0,4.1,mb,40.0,65.0,0.291,1.14,us,us6000jlww,2023-03-08T19:15:45.040Z,"11 km N of Göksun, Turkey",earthquake,3.98,1.821,0.135,15.0,reviewed,us,us, Turkey,"(38.1262, 36.5145)","Bozhüyük, Göksun, Kahramanmaraş, Akdeniz Bölgesi, 46600, Türkiye",Kahramanmaraş,Göksun,Light,2023,Shallow,1
2023-02-06 17:26:24.489000+00:00,38.0994,36.6984,10.0,4.7,mb,99.0,33.0,0.378,0.85,us,us6000jlwh,2023-03-08T19:17:39.040Z,"19 km ENE of Göksun, Turkey",earthquake,2.74,1.766,0.065,72.0,reviewed,us,us, Turkey,"(38.0994, 36.6984)","Çamlıkavak, Göksun, Kahramanmaraş, Akdeniz Bölgesi, 46600, Türkiye",Kahramanmaraş,Göksun,Light,2023,Shallow,1
2023-02-06 18:02:44.660000+00:00,38.1022,36.5286,10.0,4.4,mb,59.0,46.0,0.317,0.77,us,us6000jm1n,2023-03-08T19:29:59.040Z,"9 km NNE of Göksun, Turkey",earthquake,5.14,1.893,0.098,30.0,reviewed,us,us, Turkey,"(38.1022, 36.5286)","Alıçlıbucak, Göksun, Kahramanmaraş, Akdeniz Bölgesi, 46600, Türkiye",Kahramanmaraş,Göksun,Light,2023,Shallow,1
2023-02-06 18:03:53.807000+00:00,37.9781,36.4456,10.0,5.2,mww,119.0,20.0,0.405,0.76,us,us6000jm1p,2023-03-16T14:00:02.040Z,Central Turkey,earthquake,4.96,1.324,0.098,10.0,reviewed,us,us,,"(37.9781, 36.4456)","Yenimahalle, Taşoluk, Göksun, Kahramanmaraş, Akdeniz Bölgesi, 46600, Türkiye",Kahramanmaraş,Yenimahalle,Moderate,2023,Shallow,1
2023-02-06 19:12:31.181000+00:00,38.0322,37.3231,10.0,4.1,mb,34.0,70.0,0.805,0.71,us,us6000jnuy,2023-03-08T19:58:54.040Z,"12 km ESE of Ekinözü, Turkey",earthquake,3.37,1.658,0.197,7.0,reviewed,us,us, Turkey,"(38.0322, 37.3231)","Derbent, Barış, Nurhak, Kahramanmaraş, Akdeniz Bölgesi, 46370, Türkiye",Kahramanmaraş,Derbent,Light,2023,Shallow,1
2023-02-06 19:15:47.865000+00:00,37.989,36.3922,10.0,4.4,mb,49.0,36.0,0.41,1.09,us,us6000jm1w,2023-03-08T20:00:22.040Z,"9 km WSW of Göksun, Turkey",earthquake,2.19,1.88,0.112,23.0,reviewed,us,us, Turkey,"(37.989, 36.3922)","Huğtaş, Göksun, Kahramanmaraş, Akdeniz Bölgesi, 46600, Türkiye",Kahramanmaraş,Göksun,Light,2023,Shallow,1
2023-02-06 19:25:01.538000+00:00,37.8505,36.6645,10.0,4.5,mb,36.0,44.0,0.37,0.8,us,us6000jnuz,2023-03-08T20:01:12.040Z,"23 km SE of Göksun, Turkey",earthquake,4.6,1.422,0.156,12.0,reviewed,us,us, Turkey,"(37.8505, 36.6645)","Eski Döngel, Onikişubat, Kahramanmaraş, Akdeniz Bölgesi, Türkiye",Kahramanmaraş,Onikişubat,Light,2023,Shallow,1
2023-02-06 19:30:59.475000+00:00,38.0086,37.2784,10.0,4.4,mb,70.0,80.0,0.786,0.68,us,us6000jm1z,2023-03-08T20:04:39.040Z,"9 km SE of Ekinözü, Turkey",earthquake,5.66,1.79,0.092,34.0,reviewed,us,us, Turkey,"(38.0086, 37.2784)","Alçiçek Değirmenkaya, Barış, Nurhak, Kahramanmaraş, Akdeniz Bölgesi, 46370, Türkiye",Kahramanmaraş,Nurhak,Light,2023,Shallow,1
2023-02-06 19:35:50.682000+00:00,37.4754,37.1707,10.0,4.4,mb,69.0,51.0,0.304,0.62,us,us6000jm21,2023-03-08T20:06:15.040Z,"11 km W of Pazarc?k, Turkey",earthquake,5.48,1.854,0.098,30.0,reviewed,us,us, Turkey,"(37.4754, 37.1707)","Davutlar, Dulkadiroğlu, Kahramanmaraş, Akdeniz Bölgesi, Türkiye",Kahramanmaraş,Dulkadiroğlu,Light,2023,Shallow,1
2023-02-06 19:49:40.207000+00:00,38.0959,36.6474,10.0,4.3,mb,56.0,31.0,0.359,0.62,us,us6000jm28,2023-03-08T20:09:25.040Z,"15 km ENE of Göksun, Turkey",earthquake,4.69,1.781,0.137,15.0,reviewed,us,us, Turkey,"(38.0959, 36.6474)","Göksun, Kahramanmaraş, Akdeniz Bölgesi, 46600, Türkiye",Kahramanmaraş,Göksun,Light,2023,Shallow,1
2023-02-06 20:05:35.061000+00:00,38.035,36.3119,10.0,4.7,mb,91.0,35.0,0.381,0.8,us,us6000jm29,2023-03-16T14:02:18.040Z,Unknown,earthquake,4.33,1.81,0.059,88.0,reviewed,us,us,,"(38.035, 36.3119)","Göksun, Kahramanmaraş, Akdeniz Bölgesi, 46600, Türkiye",Kahramanmaraş,Göksun,Light,2023,Shallow,1
2023-02-06 20:14:11.184000+00:00,37.9649,36.479,6.59,4.3,mb,55.0,46.0,0.399,0.73,us,us6000jm2k,2023-03-08T20:14:05.040Z,Unknown,earthquake,4.35,3.494,0.111,23.0,reviewed,us,us,,"(37.9649, 36.479)","Gölpınar, Göksun, Kahramanmaraş, Akdeniz Bölgesi, 46600, Türkiye",Kahramanmaraş,Göksun,Light,2023,Shallow,1
2023-02-06 20:37:51.917000+00:00,37.2588,37.1017,10.0,5.3,mww,135.0,34.0,0.122,0.78,us,us6000jm2r,2023-03-08T20:26:40.536Z,"30 km SW of Pazarc?k, Turkey",earthquake,5.15,1.767,0.071,19.0,reviewed,us,us, Turkey,"(37.2588, 37.1017)","Pınarbaşı, Evri Pınarbaşı, Pazarcık, Kahramanmaraş, Akdeniz Bölgesi, 46700, Türkiye",Kahramanmaraş,Pınarbaşı,Moderate,2023,Shallow,1
2023-02-06 20:44:00.230000+00:00,38.0062,36.5773,10.0,5.0,mb,93.0,30.0,0.42,0.67,us,us6000jm2t,2023-03-16T14:04:40.040Z,"7 km ESE of Göksun, Turkey",earthquake,2.29,1.795,0.058,95.0,reviewed,us,us, Turkey,"(38.0062, 36.5773)","Soğuksu, Karaahmet, Göksun, Kahramanmaraş, Akdeniz Bölgesi, 46600, Türkiye",Kahramanmaraş,Göksun,Moderate,2023,Shallow,1
2023-02-06 20:54:01.125000+00:00,37.9263,36.4655,10.0,4.4,mb,28.0,62.0,0.359,1.12,us,us6000jnvx,2023-03-16T14:41:22.040Z,Unknown,earthquake,3.07,1.916,0.17,11.0,reviewed,us,us,,"(37.9263, 36.4655)","46-78, Yenimahalle, Taşoluk, Göksun, Kahramanmaraş, Akdeniz Bölgesi, 46600, Türkiye",Kahramanmaraş,Yenimahalle,Light,2023,Shallow,1
2023-02-06 21:15:18.245000+00:00,38.072,37.034,10.235,4.9,mwr,135.0,47.0,0.589,0.66,us,us6000jm30,2023-02-23T02:46:50.040Z,"13 km W of Ekinözü, Turkey",earthquake,4.77,3.056,0.052,35.0,reviewed,us,us, Turkey,"(38.072, 37.034)","Ekinözü, Kahramanmaraş, Akdeniz Bölgesi, 46360, Türkiye",Kahramanmaraş,Ekinözü,Moderate,2023,Shallow,1
2023-02-06 21:57:43.548000+00:00,38.0327,36.5874,9.959,5.0,mb,166.0,27.0,0.397,0.59,us,us6000jm3c,2023-02-20T02:47:27.256Z,Central Turkey,earthquake,5.54,1.944,0.048,135.0,reviewed,us,us,,"(38.0327, 36.5874)","Göksun - Çardak yolu, Kalesalyan, Saraycık, Göksun, Kahramanmaraş, Akdeniz Bölgesi, 46600, Türkiye",Kahramanmaraş,Çardak,Moderate,2023,Shallow,1
2023-02-06 22:09:51.889000+00:00,38.0814,36.8993,10.236,4.1,mb,33.0,67.0,0.499,0.67,us,us6000jnuw,2023-02-19T23:51:02.040Z,"18 km S of Af?in, Turkey",earthquake,2.75,6.787,0.165,10.0,reviewed,us,us, Turkey,"(38.0814, 36.8993)","Ericek, Göksun, Kahramanmaraş, Akdeniz Bölgesi, 46600, Türkiye",Kahramanmaraş,Göksun,Light,2023,Shallow,1
2023-02-06 22:26:19.224000+00:00,37.9513,37.4226,16.606,4.3,mb,62.0,68.0,0.608,0.62,us,us6000jm3l,2023-02-19T23:04:14.040Z,Central Turkey,earthquake,3.69,4.23,0.086,38.0,reviewed,us,us,,"(37.9513, 37.4226)","Hıdırlar, Pınarbaşı, Nurhak, Kahramanmaraş, Akdeniz Bölgesi, 46370, Türkiye",Kahramanmaraş,Pınarbaşı,Light,2023,Shallow,1
2023-02-06 22:29:39.276000+00:00,38.0444,36.4089,6.339,4.5,mb,100.0,28.0,0.362,0.54,us,us6000jm3n,2023-02-19T22:58:43.295Z,"8 km WNW of Göksun, Turkey",earthquake,3.31,2.997,0.067,66.0,reviewed,us,us, Turkey,"(38.0444, 36.4089)","Soğukpınar, Göksun, Kahramanmaraş, Akdeniz Bölgesi, 46600, Türkiye",Kahramanmaraş,Göksun,Light,2023,Shallow,1
2023-02-06 22:44:54.848000+00:00,38.0613,36.5637,13.174,4.2,mb,26.0,75.0,0.364,0.42,us,us6000jnv1,2023-02-19T22:36:45.040Z,"7 km NE of Göksun, Turkey",earthquake,2.3,1.306,0.199,7.0,reviewed,us,us, Turkey,"(38.0613, 36.5637)","Göksun - Elbistan yolu, Kazmadere, Yağmurlu, Göksun, Kahramanmaraş, Akdeniz Bölgesi, 46600, Türkiye",Kahramanmaraş,Elbistan,Light,2023,Shallow,1
2023-02-06 22:55:27.276000+00:00,37.9341,36.6247,11.221,4.0,mb,33.0,74.0,0.417,0.67,us,us6000jnv2,2023-02-19T04:43:54.040Z,"14 km SE of Göksun, Turkey",earthquake,2.31,5.325,0.15,12.0,reviewed,us,us, Turkey,"(37.9341, 36.6247)","Onikişubat, Kahramanmaraş, Akdeniz Bölgesi, Türkiye",Kahramanmaraş,Onikişubat,Light,2023,Shallow,1
2023-02-06 23:13:30.078000+00:00,37.9823,37.4015,10.0,4.2,mb,41.0,69.0,0.62,0.83,us,us6000jnv4,2023-02-20T03:14:34.040Z,"4 km WNW of Nurhak, Turkey",earthquake,2.38,1.926,0.2,7.0,reviewed,us,us, Turkey,"(37.9823, 37.4015)","Kıyılar, Nurhak, Kahramanmaraş, Akdeniz Bölgesi, 46370, Türkiye",Kahramanmaraş,Nurhak,Light,2023,Shallow,1
2023-02-07 00:20:16.237000+00:00,37.8431,36.6148,10.0,4.2,mb,53.0,34.0,0.339,0.74,us,us6000jp3d,2023-02-20T03:07:13.040Z,"22 km SSE of Göksun, Turkey",earthquake,3.52,1.635,0.112,22.0,reviewed,us,us, Turkey,"(37.8431, 36.6148)","Alaçayır, Çevrepınar, Onikişubat, Kahramanmaraş, Akdeniz Bölgesi, Türkiye",Kahramanmaraş,Onikişubat,Light,2023,Shallow,1
2023-02-07 01:18:07.375000+00:00,38.0195,36.4624,10.0,4.3,mb,23.0,66.0,0.389,0.89,us,us6000jp3f,2023-03-15T23:33:41.040Z,Central Turkey,earthquake,1.3,1.928,0.201,7.0,reviewed,us,us,,"(38.0195, 36.4624)","Yiricek, Göksun, Kahramanmaraş, Akdeniz Bölgesi, 46600, Türkiye",Kahramanmaraş,Göksun,Light,2023,Shallow,1
2023-02-07 01:29:18.918000+00:00,38.0903,36.7693,10.0,4.2,mb,62.0,36.0,0.42,0.78,us,us6000jm4r,2023-03-15T23:35:31.040Z,"21 km SW of Af?in, Turkey",earthquake,2.41,1.897,0.121,19.0,reviewed,us,us, Turkey,"(38.0903, 36.7693)","Afşin, Kahramanmaraş, Akdeniz Bölgesi, 46500, Türkiye",Kahramanmaraş,Afşin,Light,2023,Shallow,1
2023-02-07 01:32:00.826000+00:00,38.0152,36.5543,10.0,4.4,mb,31.0,56.0,0.406,0.55,us,us6000jp3g,2023-03-15T23:47:47.040Z,"5 km E of Göksun, Turkey",earthquake,3.9,1.9,0.169,10.0,reviewed,us,us, Turkey,"(38.0152, 36.5543)","Soğuksu, Karaahmet, Göksun, Kahramanmaraş, Akdeniz Bölgesi, 46600, Türkiye",Kahramanmaraş,Göksun,Light,2023,Shallow,1
2023-02-07 01:34:29.191000+00:00,37.4326,37.0521,10.0,4.4,mb,46.0,111.0,0.141,0.76,us,us6000jm4x,2023-02-28T00:28:42.954Z,"20 km SSE of Kahramanmara?, Turkey",earthquake,5.7,1.928,0.123,19.0,reviewed,us,us, Turkey,"(37.4326, 37.0521)","Yeniyurt, Dulkadiroğlu, Kahramanmaraş, Akdeniz Bölgesi, Türkiye",Kahramanmaraş,Dulkadiroğlu,Light,2023,Shallow,1
2023-02-07 02:28:20.753000+00:00,38.0265,37.5093,10.0,4.1,mb,30.0,118.0,0.71,0.8,us,us6000jp53,2023-03-15T23:53:19.040Z,"9 km NE of Nurhak, Turkey",earthquake,3.75,1.925,0.214,6.0,reviewed,us,us, Turkey,"(38.0265, 37.5093)","Nurhak, Kahramanmaraş, Akdeniz Bölgesi, 46370, Türkiye",Kahramanmaraş,Nurhak,Light,2023,Shallow,1
2023-02-07 02:43:27.973000+00:00,38.1044,36.9078,10.0,4.4,mb,41.0,45.0,0.961,0.75,us,us6000jm54,2023-02-28T02:38:07.040Z,"15 km S of Af?in, Turkey",earthquake,2.64,1.885,0.134,16.0,reviewed,us,us, Turkey,"(38.1044, 36.9078)","Selçuklu, Kemalpaşa, Göksun, Kahramanmaraş, Akdeniz Bölgesi, 46600, Türkiye",Kahramanmaraş,Kemalpaşa,Light,2023,Shallow,1
2023-02-07 02:53:29.007000+00:00,38.0387,36.5733,10.0,4.4,mb,63.0,48.0,0.388,0.38,us,us6000jm57,2023-02-28T04:10:45.040Z,"6 km ENE of Göksun, Turkey",earthquake,3.61,1.861,0.12,20.0,reviewed,us,us, Turkey,"(38.0387, 36.5733)","Göksun - Çardak yolu, Karaahmet, Göksun, Kahramanmaraş, Akdeniz Bölgesi, 46600, Türkiye",Kahramanmaraş,Çardak,Light,2023,Shallow,1
2023-02-07 03:02:54.008000+00:00,37.3373,37.1197,10.0,4.3,mb,24.0,76.0,0.18,0.65,us,us6000jm5a,2023-03-16T00:28:09.040Z,"23 km SW of Pazarc?k, Turkey",earthquake,3.71,1.643,0.178,9.0,reviewed,us,us, Turkey,"(37.3373, 37.1197)","Eğlen, Pazarcık, Kahramanmaraş, Akdeniz Bölgesi, 46700, Türkiye",Kahramanmaraş,Pazarcık,Light,2023,Shallow,1
2023-02-07 03:16:16.365000+00:00,37.6089,37.3755,10.0,4.6,mb,42.0,99.0,0.392,0.56,us,us6000jp3y,2023-02-28T05:02:09.040Z,"15 km NNE of Pazarc?k, Turkey",earthquake,1.51,1.946,0.122,20.0,reviewed,us,us, Turkey,"(37.6089, 37.3755)","Pazarcık, Kahramanmaraş, Akdeniz Bölgesi, 46700, Türkiye",Kahramanmaraş,Pazarcık,Light,2023,Shallow,1
2023-02-07 03:58:56.236000+00:00,37.507,37.227,10.0,4.2,mwr,37.0,89.0,0.26,0.77,us,us6000jp3k,2023-02-28T05:53:15.040Z,Central Turkey,earthquake,4.34,1.836,0.069,20.0,reviewed,us,us,,"(37.507, 37.227)","Pazarcık, Kahramanmaraş, Akdeniz Bölgesi, 46700, Türkiye",Kahramanmaraş,Pazarcık,Light,2023,Shallow,1
2023-02-07 04:07:57.801000+00:00,37.7181,37.4217,10.0,4.1,mb,24.0,87.0,0.466,0.62,us,us6000jp3l,2023-03-16T01:20:52.040Z,Kahramanmaras Earthquake Sequence,earthquake,3.36,1.483,0.214,6.0,reviewed,us,us,,"(37.7181, 37.4217)","46-06, Bozlar, Çağlayancerit, Kahramanmaraş, Akdeniz Bölgesi, 46720, Türkiye",Kahramanmaraş,Çağlayancerit,Light,2023,Shallow,1
2023-02-07 04:16:42.272000+00:00,37.9036,37.4321,10.0,3.9,mb,32.0,81.0,0.58,0.73,us,us6000jm5s,2023-03-16T01:24:43.040Z,"6 km S of Nurhak, Turkey",earthquake,2.99,1.918,0.209,6.0,reviewed,us,us, Turkey,"(37.9036, 37.4321)","Biçin, Nurhak, Kahramanmaraş, Akdeniz Bölgesi, 46370, Türkiye",Kahramanmaraş,Nurhak,Light,2023,Shallow,1
2023-02-07 06:26:11.987000+00:00,37.3357,36.8762,7.505,4.2,mb,23.0,150.0,0.17,0.4,us,us6000jp3v,2023-02-19T09:57:26.040Z,"22 km NE of Nurda??, Turkey",earthquake,2.38,5.007,0.187,8.0,reviewed,us,us, Turkey,"(37.3357, 36.8762)","Türkoğlu, Kahramanmaraş, Akdeniz Bölgesi, 46800, Türkiye",Kahramanmaraş,Türkoğlu,Light,2023,Shallow,1
2023-02-07 06:40:53.712000+00:00,38.0324,36.4486,5.95,4.6,mb,55.0,44.0,0.375,0.5,us,us6000jm69,2023-02-25T09:44:43.040Z,"4 km WNW of Göksun, Turkey",earthquake,2.95,5.12,0.111,24.0,reviewed,us,us, Turkey,"(38.0324, 36.4486)","Çağlayan, Göksun, Kahramanmaraş, Akdeniz Bölgesi, 46600, Türkiye",Kahramanmaraş,Göksun,Light,2023,Shallow,1
2023-02-07 06:48:51.696000+00:00,38.3125,37.5785,5.826,4.6,mb,79.0,39.0,0.917,0.64,us,us6000jm6b,2023-02-25T11:08:02.040Z,"26 km SSE of Darende, Turkey",earthquake,3.17,4.278,0.081,46.0,reviewed,us,us, Turkey,"(38.3125, 37.5785)","Toprakhisar, Elbistan, Kahramanmaraş, Akdeniz Bölgesi, 46300, Türkiye",Kahramanmaraş,Elbistan,Light,2023,Shallow,1
2023-02-07 09:53:31.468000+00:00,38.1471,36.3693,20.355,4.2,mb,45.0,53.0,0.263,0.43,us,us6000jp42,2023-03-10T14:25:46.040Z,Central Turkey,earthquake,3.73,1.655,0.118,22.0,reviewed,us,us,,"(38.1471, 36.3693)","Göksun, Kahramanmaraş, Akdeniz Bölgesi, 46600, Türkiye",Kahramanmaraş,Göksun,Light,2023,Shallow,0
2023-02-07 10:07:18.238000+00:00,37.5226,37.1468,10.944,4.2,mb,65.0,47.0,0.197,0.49,us,us6000jp54,2023-03-10T15:29:52.040Z,"14 km WNW of Pazarc?k, Turkey",earthquake,5.6,3.328,0.082,43.0,reviewed,us,us, Turkey,"(37.5226, 37.1468)","Kartal, Dulkadiroğlu, Kahramanmaraş, Akdeniz Bölgesi, Türkiye",Kahramanmaraş,Kartal,Light,2023,Shallow,1
2023-02-07 10:56:29.905000+00:00,37.8696,36.6642,8.656,4.5,mb,68.0,68.0,0.384,0.7,us,us6000jm7k,2023-03-09T15:55:31.040Z,Central Turkey,earthquake,6.72,5.002,0.083,44.0,reviewed,us,us,,"(37.8696, 36.6642)","Eski Döngel, Onikişubat, Kahramanmaraş, Akdeniz Bölgesi, Türkiye",Kahramanmaraş,Onikişubat,Light,2023,Shallow,1
2023-02-07 10:57:45.797000+00:00,37.8911,36.6653,10.0,4.6,mb,65.0,43.0,0.401,0.71,us,us6000jp48,2023-03-10T12:33:49.040Z,Central Turkey,earthquake,3.5,1.86,0.088,40.0,reviewed,us,us,,"(37.8911, 36.6653)","Onikişubat, Kahramanmaraş, Akdeniz Bölgesi, Türkiye",Kahramanmaraş,Onikişubat,Light,2023,Shallow,1
2023-02-07 14:23:17.029000+00:00,38.0426,36.5803,10.0,4.4,mb,53.0,41.0,0.386,0.8,us,us6000jp4j,2023-02-19T22:33:43.040Z,"7 km ENE of Göksun, Turkey",earthquake,1.86,1.872,0.13,17.0,reviewed,us,us, Turkey,"(38.0426, 36.5803)","Göksun - Çardak yolu, Kalesalyan, Saraycık, Göksun, Kahramanmaraş, Akdeniz Bölgesi, 46600, Türkiye",Kahramanmaraş,Çardak,Light,2023,Shallow,1
2023-02-07 15:31:28.295000+00:00,37.3758,37.1447,10.0,4.7,mwr,126.0,34.0,0.21,0.64,us,us6000jm95,2023-02-19T22:57:53.609Z,"18 km SW of Pazarc?k, Turkey",earthquake,5.54,1.867,0.063,24.0,reviewed,us,us, Turkey,"(37.3758, 37.1447)","Kadıncık, Pazarcık, Kahramanmaraş, Akdeniz Bölgesi, 46700, Türkiye",Kahramanmaraş,Pazarcık,Light,2023,Shallow,1
2023-02-07 15:48:54.123000+00:00,37.9939,36.4771,11.132,5.0,mww,138.0,22.0,0.415,0.61,us,us6000jm96,2023-02-20T14:54:26.655Z,"3 km SSW of Göksun, Turkey",earthquake,5.2,3.312,0.062,25.0,reviewed,us,us, Turkey,"(37.9939, 36.4771)","46-78, Yenimahalle, Taşoluk, Göksun, Kahramanmaraş, Akdeniz Bölgesi, 46600, Türkiye",Kahramanmaraş,Yenimahalle,Moderate,2023,Shallow,1
2023-02-07 16:54:31.685000+00:00,37.9421,37.323,17.033,4.1,mb,26.0,74.0,0.55,1.18,us,us6000jp57,2023-02-20T15:45:29.040Z,"10 km WSW of Nurhak, Turkey",earthquake,2.92,4.662,0.234,5.0,reviewed,us,us, Turkey,"(37.9421, 37.323)","Nurhak, Kahramanmaraş, Akdeniz Bölgesi, 46370, Türkiye",Kahramanmaraş,Nurhak,Light,2023,Shallow,1
2023-02-07 17:53:50.882000+00:00,38.0002,36.4438,8.524,4.2,mb,71.0,35.0,0.407,0.68,us,us6000jp4m,2023-03-16T16:57:15.040Z,Central Turkey,earthquake,3.2,4.683,0.098,34.0,reviewed,us,us,,"(38.0002, 36.4438)","Yiricek, Göksun, Kahramanmaraş, Akdeniz Bölgesi, 46600, Türkiye",Kahramanmaraş,Göksun,Light,2023,Shallow,1
2023-02-07 18:10:00.223000+00:00,37.969,36.6038,19.248,5.3,mww,166.0,24.0,0.439,0.69,us,us6000jmat,2023-03-16T16:47:58.040Z,"10 km ESE of Göksun, Turkey",earthquake,3.59,3.343,0.093,11.0,reviewed,us,us, Turkey,"(37.969, 36.6038)","Kurucaova, Onikişubat, Kahramanmaraş, Akdeniz Bölgesi, Türkiye",Kahramanmaraş,Onikişubat,Moderate,2023,Shallow,0
2023-02-07 19:13:49.530000+00:00,38.021,36.9185,13.0,4.4,mwr,99.0,41.0,0.515,0.78,us,us6000jmbj,2023-03-16T16:35:14.040Z,"24 km W of Ekinözü, Turkey",earthquake,1.32,1.847,0.06,27.0,reviewed,us,us, Turkey,"(38.021, 36.9185)","Göksun, Kahramanmaraş, Akdeniz Bölgesi, 46600, Türkiye",Kahramanmaraş,Göksun,Light,2023,Shallow,1
2023-02-07 21:21:25.795000+00:00,37.924,37.5023,3.744,5.0,mb,136.0,45.0,0.635,0.64,us,us6000jmc7,2023-02-19T02:10:17.801Z,"6 km SE of Nurhak, Turkey",earthquake,2.5,3.911,0.056,102.0,reviewed,us,us, Turkey,"(37.924, 37.5023)","Nurhak, Kahramanmaraş, Akdeniz Bölgesi, 46370, Türkiye",Kahramanmaraş,Nurhak,Moderate,2023,Shallow,1
2023-02-07 21:58:54.224000+00:00,37.4201,36.9564,12.635,4.1,mb,20.0,90.0,0.096,0.73,us,us6000jp4u,2023-02-16T05:14:51.040Z,"18 km S of Kahramanmara?, Turkey",earthquake,3.88,3.357,0.302,3.0,reviewed,us,us, Turkey,"(37.4201, 36.9564)","Öksüzlü, Dulkadiroğlu, Kahramanmaraş, Akdeniz Bölgesi, Türkiye",Kahramanmaraş,Dulkadiroğlu,Light,2023,Shallow,1
2023-02-07 22:07:54.879000+00:00,38.0663,36.5541,12.635,4.2,mb,56.0,45.0,0.357,0.58,us,us6000jp4v,2023-02-16T05:07:17.040Z,Central Turkey,earthquake,3.17,4.898,0.118,20.0,reviewed,us,us,,"(38.0663, 36.5541)","Armutlu, Göksun, Kahramanmaraş, Akdeniz Bölgesi, 46600, Türkiye",Kahramanmaraş,Göksun,Light,2023,Shallow,1
2023-02-07 22:45:27.921000+00:00,38.0992,36.5507,6.069,4.2,mb,51.0,37.0,0.325,1.21,us,us6000jp4y,2023-02-16T04:17:23.040Z,"9 km NNE of Göksun, Turkey",earthquake,3.51,6.818,0.146,13.0,reviewed,us,us, Turkey,"(38.0992, 36.5507)","Çamdere, Göksun, Kahramanmaraş, Akdeniz Bölgesi, 46600, Türkiye",Kahramanmaraş,Göksun,Light,2023,Shallow,1
2023-02-08 00:11:55.118000+00:00,38.0835,37.1939,14.197,4.1,mb,33.0,63.0,0.622,0.44,us,us6000jme5,2023-02-28T02:16:49.040Z,"2 km NNE of Ekinözü, Turkey",earthquake,4.06,5.32,0.174,9.0,reviewed,us,us, Turkey,"(38.0835, 37.1939)","Öztürk, Ekinözü, Kahramanmaraş, Akdeniz Bölgesi, 46360, Türkiye",Kahramanmaraş,Ekinözü,Light,2023,Shallow,1
2023-02-08 05:52:37.157000+00:00,38.0593,36.7087,10.0,4.2,mwr,61.0,46.0,0.416,1.29,us,us6000jmfk,2023-03-08T05:27:20.040Z,"19 km ENE of Göksun, Turkey",earthquake,3.18,1.028,0.071,19.0,reviewed,us,us, Turkey,"(38.0593, 36.7087)","Fındık, Göksun, Kahramanmaraş, Akdeniz Bölgesi, 46600, Türkiye",Kahramanmaraş,Göksun,Light,2023,Shallow,1
2023-02-08 07:48:31.978000+00:00,38.0061,36.4959,10.0,5.0,mww,102.0,27.0,0.405,0.99,us,us6000jmg1,2023-03-07T10:49:28.826Z,Central Turkey,earthquake,4.37,1.782,0.054,33.0,reviewed,us,us,,"(38.0061, 36.4959)","Kurtuluş, Göksun, Kahramanmaraş, Akdeniz Bölgesi, 46600, Türkiye",Kahramanmaraş,Göksun,Moderate,2023,Shallow,1
2023-02-08 09:52:11.967000+00:00,38.0337,36.5009,10.0,4.4,mb,49.0,51.0,0.379,0.62,us,us6000jpcs,2023-02-22T07:40:20.040Z,Central Turkey,earthquake,2.46,1.698,0.123,19.0,reviewed,us,us,,"(38.0337, 36.5009)","Pınarbaşı, Hacımirza, Göksun, Kahramanmaraş, Akdeniz Bölgesi, 46600, Türkiye",Kahramanmaraş,Pınarbaşı,Light,2023,Shallow,1
2023-02-08 11:37:21.861000+00:00,38.0802,36.8835,10.0,4.0,mb,24.0,76.0,0.491,0.64,us,us6000jpdb,2023-02-22T13:11:03.040Z,Central Turkey,earthquake,2.73,1.974,0.232,5.0,reviewed,us,us,,"(38.0802, 36.8835)","Ericek, Göksun, Kahramanmaraş, Akdeniz Bölgesi, 46600, Türkiye",Kahramanmaraş,Göksun,Light,2023,Shallow,1
2023-02-08 14:20:24.819000+00:00,38.0015,37.4307,4.515,5.1,mww,185.0,55.0,0.65,0.49,us,us6000jmh3,2023-03-09T15:27:21.652Z,"4 km NNW of Nurhak, Turkey",earthquake,4.01,3.747,0.083,14.0,reviewed,us,us, Turkey,"(38.0015, 37.4307)","Seyitaliler, Nurhak, Kahramanmaraş, Akdeniz Bölgesi, 46370, Türkiye",Kahramanmaraş,Nurhak,Moderate,2023,Shallow,1
2023-02-08 14:42:21.367000+00:00,38.0953,36.6525,11.674,4.4,mb,96.0,36.0,0.362,0.59,us,us6000jmhg,2023-03-09T14:51:25.040Z,"15 km ENE of Göksun, Turkey",earthquake,3.14,4.428,0.087,38.0,reviewed,us,us, Turkey,"(38.0953, 36.6525)","Göksun, Kahramanmaraş, Akdeniz Bölgesi, 46600, Türkiye",Kahramanmaraş,Göksun,Light,2023,Shallow,1
2023-02-08 15:04:43.256000+00:00,38.0391,36.953,10.0,4.3,mb,62.0,45.0,0.535,0.74,us,us6000jmhk,2023-03-01T22:37:38.040Z,Central Turkey,earthquake,3.09,0.971,0.1,28.0,reviewed,us,us,,"(38.0391, 36.953)","Ekinözü, Kahramanmaraş, Akdeniz Bölgesi, 46360, Türkiye",Kahramanmaraş,Ekinözü,Light,2023,Shallow,1
2023-02-08 15:49:58.075000+00:00,37.8218,36.5994,1.576,4.3,mwr,61.0,47.0,0.314,0.69,us,us6000jmj3,2023-03-19T20:32:52.040Z,"23 km SSE of Göksun, Turkey",earthquake,5.18,3.471,0.069,20.0,reviewed,us,us, Turkey,"(37.8218, 36.5994)","Çevrepınar, Onikişubat, Kahramanmaraş, Akdeniz Bölgesi, Türkiye",Kahramanmaraş,Onikişubat,Light,2023,Shallow,1
2023-02-08 16:55:40.516000+00:00,38.0244,37.1589,10.0,4.4,mb,53.0,53.0,0.557,0.88,us,us6000jmja,2023-03-02T06:39:45.040Z,Unknown,earthquake,2.5,1.858,0.114,22.0,reviewed,us,us,,"(38.0244, 37.1589)","Köprüağzı, Ekinözü, Kahramanmaraş, Akdeniz Bölgesi, 46360, Türkiye",Kahramanmaraş,Ekinözü,Light,2023,Shallow,1
2023-02-08 18:35:12.129000+00:00,37.5096,37.116,10.0,4.4,mb,30.0,66.0,0.172,0.78,us,us6000jpcx,2023-03-08T20:46:50.040Z,"16 km W of Pazarc?k, Turkey",earthquake,2.31,1.925,0.203,7.0,reviewed,us,us, Turkey,"(37.5096, 37.116)","Kartal, Dulkadiroğlu, Kahramanmaraş, Akdeniz Bölgesi, Türkiye",Kahramanmaraş,Kartal,Light,2023,Shallow,1
2023-02-08 19:05:19.712000+00:00,38.0531,36.5409,10.0,4.5,mb,32.0,40.0,0.366,1.04,us,us6000jmk0,2023-03-08T20:50:23.040Z,"5 km NE of Göksun, Turkey",earthquake,3.57,1.883,0.27,4.0,reviewed,us,us, Turkey,"(38.0531, 36.5409)","Ortatepe, Göksun, Kahramanmaraş, Akdeniz Bölgesi, 46600, Türkiye",Kahramanmaraş,Orta,Light,2023,Shallow,1
2023-02-09 04:18:20.615000+00:00,37.9616,36.3641,10.0,4.3,mb,35.0,52.0,0.381,0.66,us,us6000jpjv,2023-03-03T01:09:50.040Z,Central Turkey,earthquake,2.46,1.643,0.266,4.0,reviewed,us,us,,"(37.9616, 36.3641)","Sırmalı, Göksun, Kahramanmaraş, Akdeniz Bölgesi, 46600, Türkiye",Kahramanmaraş,Göksun,Light,2023,Shallow,1
2023-02-09 05:24:26.530000+00:00,38.0679,36.6086,8.594,4.4,mb,37.0,50.0,0.371,0.52,us,us6000jpjz,2023-03-03T12:04:17.040Z,Unknown,earthquake,3.33,5.563,0.178,9.0,reviewed,us,us,,"(38.0679, 36.6086)","Kocayazı, Göksun, Kahramanmaraş, Akdeniz Bölgesi, 46600, Türkiye",Kahramanmaraş,Göksun,Light,2023,Shallow,1
2023-02-09 07:42:08.070000+00:00,37.995,36.5954,6.994,4.3,mb,49.0,36.0,0.435,0.57,us,us6000jmnx,2023-03-19T06:50:55.040Z,"9 km ESE of Göksun, Turkey",earthquake,2.15,4.55,0.126,19.0,reviewed,us,us, Turkey,"(37.995, 36.5954)","Onikişubat, Kahramanmaraş, Akdeniz Bölgesi, Türkiye",Kahramanmaraş,Onikişubat,Light,2023,Shallow,1
2023-02-09 07:57:06.462000+00:00,38.0799,36.5452,8.987,4.2,mb,24.0,109.0,0.342,0.45,us,us6000jpk6,2023-03-02T13:59:24.040Z,"7 km NNE of Göksun, Turkey",earthquake,2.27,1.238,0.215,6.0,reviewed,us,us, Turkey,"(38.0799, 36.5452)","Armutlu, Ortatepe, Göksun, Kahramanmaraş, Akdeniz Bölgesi, 46600, Türkiye",Kahramanmaraş,Orta,Light,2023,Shallow,1
2023-02-09 17:51:52.392000+00:00,38.0746,36.5194,10.0,4.0,mb,31.0,51.0,0.341,1.39,us,us6000jpkn,2023-03-08T20:57:14.040Z,"6 km NNE of Göksun, Turkey",earthquake,2.63,1.83,0.212,6.0,reviewed,us,us, Turkey,"(38.0746, 36.5194)","Harbiye, Alıçlıbucak, Göksun, Kahramanmaraş, Akdeniz Bölgesi, 46600, Türkiye",Kahramanmaraş,Göksun,Light,2023,Shallow,1
2023-02-09 19:37:46.503000+00:00,38.0264,36.6096,10.0,4.1,mb,22.0,81.0,0.409,1.16,us,us6000jpku,2023-03-08T21:06:28.040Z,Central Turkey,earthquake,3.12,1.925,0.524,1.0,reviewed,us,us,,"(38.0264, 36.6096)","Saraycık, Göksun, Kahramanmaraş, Akdeniz Bölgesi, 46600, Türkiye",Kahramanmaraş,Göksun,Light,2023,Shallow,1
2023-02-10 01:50:59.593000+00:00,37.8685,36.631,5.225,4.3,mwr,69.0,40.0,0.367,0.75,us,us6000jmzj,2023-03-03T01:34:05.040Z,"20 km SE of Göksun, Turkey",earthquake,3.67,3.789,0.06,27.0,reviewed,us,us, Turkey,"(37.8685, 36.631)","Tünel, Kısık, Tekir, Onikişubat, Kahramanmaraş, Akdeniz Bölgesi, Türkiye",Kahramanmaraş,Onikişubat,Light,2023,Shallow,1
2023-02-10 17:00:51.366000+00:00,37.8868,36.2951,2.087,4.7,mwr,128.0,34.0,0.309,0.72,us,us6000jn4r,2023-03-16T16:21:17.040Z,"21 km ESE of Saimbeyli, Turkey",earthquake,2.68,3.738,0.061,26.0,reviewed,us,us, Turkey,"(37.8868, 36.2951)","Payamburnu, Göksun, Kahramanmaraş, Akdeniz Bölgesi, 46600, Türkiye",Kahramanmaraş,Göksun,Light,2023,Shallow,1
2023-02-11 04:47:04.418000+00:00,37.8165,36.5708,10.0,4.3,mb,60.0,49.0,0.296,0.85,us,us6000jn8d,2023-03-03T06:09:47.040Z,"23 km SSE of Göksun, Turkey",earthquake,3.43,1.877,0.114,22.0,reviewed,us,us, Turkey,"(37.8165, 36.5708)","kaya mezarları, Deliosmanlar, Çukurhisar, Onikişubat, Kahramanmaraş, Akdeniz Bölgesi, Türkiye",Kahramanmaraş,Onikişubat,Light,2023,Shallow,1
2023-02-11 06:28:13.163000+00:00,38.0647,36.5778,8.106,4.6,mb,32.0,75.0,0.364,0.53,us,us6000jn97,2023-02-23T18:36:04.040Z,"8 km NE of Göksun, Turkey",earthquake,2.67,5.35,0.173,10.0,reviewed,us,us, Turkey,"(38.0647, 36.5778)","Göksun - Elbistan yolu, Kazmadere, Yağmurlu, Göksun, Kahramanmaraş, Akdeniz Bölgesi, 46600, Türkiye",Kahramanmaraş,Elbistan,Light,2023,Shallow,1
2023-02-11 11:05:17.347000+00:00,38.1233,36.6274,13.853,4.3,mb,58.0,48.0,0.328,0.38,us,us6000jnai,2023-03-08T08:10:32.040Z,Unknown,earthquake,4.21,3.683,0.101,28.0,reviewed,us,us,,"(38.1233, 36.6274)","Fatih, Kanlıkavak, Göksun, Kahramanmaraş, Akdeniz Bölgesi, 46600, Türkiye",Kahramanmaraş,Fatih,Light,2023,Shallow,1
2023-02-11 11:59:53.865000+00:00,37.8492,36.67,8.739,4.2,mb,28.0,49.0,0.372,0.45,us,us6000jpp7,2023-03-05T13:56:15.040Z,Unknown,earthquake,3.08,3.86,0.146,13.0,reviewed,us,us,,"(37.8492, 36.67)","Eski Döngel, Onikişubat, Kahramanmaraş, Akdeniz Bölgesi, Türkiye",Kahramanmaraş,Onikişubat,Light,2023,Shallow,1
2023-02-11 12:54:58.944000+00:00,38.0902,36.6163,8.66,4.1,mb,33.0,44.0,0.353,0.55,us,us6000jnaq,2023-03-05T13:15:18.040Z,Central Turkey,earthquake,2.07,7.539,0.214,6.0,reviewed,us,us,,"(38.0902, 36.6163)","Kocayazı, Göksun, Kahramanmaraş, Akdeniz Bölgesi, 46600, Türkiye",Kahramanmaraş,Göksun,Light,2023,Shallow,1
2023-02-11 14:38:03.890000+00:00,37.9428,36.5034,10.0,4.4,mb,37.0,55.0,0.383,0.65,us,us6000jnay,2023-03-05T22:03:11.352Z,"8 km S of Göksun, Turkey",earthquake,4.14,1.408,0.107,25.0,reviewed,us,us, Turkey,"(37.9428, 36.5034)","Pınarbaşı-Kahramanmaraş yolu, Kurucaova, Onikişubat, Kahramanmaraş, Akdeniz Bölgesi, Türkiye",Kahramanmaraş,Pınarbaşı,Light,2023,Shallow,1
2023-02-11 23:30:56.494000+00:00,38.0249,36.4218,10.0,4.1,mb,83.0,33.0,0.382,0.64,us,us6000jncu,2023-02-21T04:22:21.040Z,Central Turkey,earthquake,3.57,1.861,0.084,39.0,reviewed,us,us,,"(38.0249, 36.4218)","Tayipli Yaylası, Göksun, Kahramanmaraş, Akdeniz Bölgesi, 46600, Türkiye",Kahramanmaraş,Göksun,Light,2023,Shallow,1
2023-02-12 04:52:59.139000+00:00,37.9055,37.4792,10.0,4.1,mb,40.0,83.0,0.609,1.14,us,us6000jndz,2023-03-10T01:12:48.040Z,"7 km SSE of Nurhak, Turkey",earthquake,3.43,1.573,0.151,12.0,reviewed,us,us, Turkey,"(37.9055, 37.4792)","Çağlayancerit, Kahramanmaraş, Akdeniz Bölgesi, 46720, Türkiye",Kahramanmaraş,Çağlayancerit,Light,2023,Shallow,1
2023-02-12 08:14:10.398000+00:00,38.0797,37.3193,7.67,4.4,mb,36.0,62.0,0.663,0.47,us,us6000jqbp,2023-03-09T13:03:13.040Z,"11 km E of Ekinözü, Turkey",earthquake,3.13,2.103,0.12,20.0,reviewed,us,us, Turkey,"(38.0797, 37.3193)","Ağcaşar, Nurhak, Kahramanmaraş, Akdeniz Bölgesi, 46370, Türkiye",Kahramanmaraş,Nurhak,Light,2023,Shallow,1
2023-02-12 14:30:03.956000+00:00,37.8149,36.7003,10.0,4.4,mb,32.0,50.0,0.347,1.17,us,us6000jng3,2023-03-11T20:31:18.040Z,Central Turkey,earthquake,5.99,1.913,0.109,24.0,reviewed,us,us,,"(37.8149, 36.7003)","Onikişubat, Kahramanmaraş, Akdeniz Bölgesi, Türkiye",Kahramanmaraş,Onikişubat,Light,2023,Shallow,1
2023-02-12 17:28:17.826000+00:00,38.083,36.6197,10.0,4.1,mb,33.0,54.0,0.36,0.88,us,us6000jngq,2023-03-15T20:34:30.040Z,"12 km ENE of Göksun, Turkey",earthquake,2.25,1.896,0.185,8.0,reviewed,us,us, Turkey,"(38.083, 36.6197)","Kocayazı, Göksun, Kahramanmaraş, Akdeniz Bölgesi, 46600, Türkiye",Kahramanmaraş,Göksun,Light,2023,Shallow,1
2023-02-12 18:33:14.191000+00:00,37.3147,37.0025,9.843,4.7,mwr,113.0,35.0,0.207,0.72,us,us6000jnh1,2023-02-21T19:16:51.602Z,"28 km NE of Nurda??, Turkey",earthquake,4.14,3.231,0.071,19.0,reviewed,us,us, Turkey,"(37.3147, 37.0025)","Cennetpınarı, Türkoğlu, Kahramanmaraş, Akdeniz Bölgesi, 46800, Türkiye",Kahramanmaraş,Türkoğlu,Light,2023,Shallow,1
2023-02-12 19:02:29.312000+00:00,37.2623,37.0849,10.0,4.3,mb,72.0,75.0,0.134,0.66,us,us6000jnh5,2023-02-21T23:05:24.040Z,"31 km SW of Pazarc?k, Turkey",earthquake,4.84,1.892,0.095,31.0,reviewed,us,us, Turkey,"(37.2623, 37.0849)","Taşbiçme, Evri Taşbiçme, Pazarcık, Kahramanmaraş, Akdeniz Bölgesi, 46700, Türkiye",Kahramanmaraş,Pazarcık,Light,2023,Shallow,1
2023-02-12 22:52:59.819000+00:00,38.0251,36.6342,10.0,4.3,mwr,84.0,55.0,1.031,0.57,us,us6000jni7,2023-03-06T01:59:03.004Z,"12 km E of Göksun, Turkey",earthquake,4.51,1.854,0.056,31.0,reviewed,us,us, Turkey,"(38.0251, 36.6342)","Kalesalyan, Ahmetcik, Göksun, Kahramanmaraş, Akdeniz Bölgesi, 46600, Türkiye",Kahramanmaraş,Kale,Light,2023,Shallow,1
2023-02-13 15:15:05.178000+00:00,37.8703,36.2865,10.0,4.2,mb,46.0,37.0,0.293,0.63,us,us6000jnlc,2023-02-22T20:30:13.040Z,"21 km SE of Saimbeyli, Turkey",earthquake,2.25,1.789,0.186,8.0,reviewed,us,us, Turkey,"(37.8703, 36.2865)","Payamburnu, Göksun, Kahramanmaraş, Akdeniz Bölgesi, 46600, Türkiye",Kahramanmaraş,Göksun,Light,2023,Shallow,1
2023-02-13 19:20:27.970000+00:00,38.0051,36.42,7.437,4.6,mwr,100.0,40.0,0.958,0.89,us,us6000jnmc,2023-03-15T16:06:41.256Z,"7 km WSW of Göksun, Turkey",earthquake,4.0,3.363,0.063,24.0,reviewed,us,us, Turkey,"(38.0051, 36.42)","Başkaya, Huğtaş, Göksun, Kahramanmaraş, Akdeniz Bölgesi, 46600, Türkiye",Kahramanmaraş,Göksun,Light,2023,Shallow,1
2023-02-14 15:50:38.247000+00:00,38.0955,37.144,2.889,4.3,mb,54.0,53.0,0.651,1.17,us,us6000jnxk,2023-02-22T20:13:46.907Z,"5 km NW of Ekinözü, Turkey",earthquake,2.8,4.189,0.111,23.0,reviewed,us,us, Turkey,"(38.0955, 37.144)","Ekinözü yolu, Yukarı Ortaören, Öztürk, Ortaören, Ekinözü, Kahramanmaraş, Akdeniz Bölgesi, 46360, Türkiye",Kahramanmaraş,Orta,Light,2023,Shallow,1
2023-02-15 06:25:30.679000+00:00,38.0945,36.7069,10.0,4.3,mb,66.0,48.0,0.386,0.7,us,us6000jp1e,2023-03-16T05:09:58.040Z,"20 km ENE of Göksun, Turkey",earthquake,5.08,1.881,0.106,25.0,reviewed,us,us, Turkey,"(38.0945, 36.7069)","Çamlıkavak, Göksun, Kahramanmaraş, Akdeniz Bölgesi, 46600, Türkiye",Kahramanmaraş,Göksun,Light,2023,Shallow,1
2023-02-15 07:36:30.401000+00:00,37.9606,36.4923,10.0,4.4,mwr,85.0,32.0,0.397,0.8,us,us6000jp25,2023-03-16T09:13:46.783Z,"6 km S of Göksun, Turkey",earthquake,4.28,1.86,0.051,37.0,reviewed,us,us, Turkey,"(37.9606, 36.4923)","Gölpınar, Göksun, Kahramanmaraş, Akdeniz Bölgesi, 46600, Türkiye",Kahramanmaraş,Göksun,Light,2023,Shallow,1
2023-02-15 22:25:57.731000+00:00,38.0487,36.6395,6.273,4.2,mb,54.0,38.0,0.398,0.49,us,us6000jp8t,2023-03-13T05:02:35.040Z,"12 km ENE of Göksun, Turkey",earthquake,3.4,4.737,0.098,29.0,reviewed,us,us, Turkey,"(38.0487, 36.6395)","Kalesalyan, Gücüksu, Göksun, Kahramanmaraş, Akdeniz Bölgesi, 46600, Türkiye",Kahramanmaraş,Kale,Light,2023,Shallow,1
2023-02-15 23:43:38.793000+00:00,37.3595,36.8701,13.697,3.9,mb,27.0,106.0,0.329,0.52,us,us6000jp9e,2023-03-13T21:04:24.040Z,"24 km NNE of Nurda??, Turkey",earthquake,3.56,6.035,0.171,9.0,reviewed,us,us, Turkey,"(37.3595, 36.8701)","Türkoğlu, Kahramanmaraş, Akdeniz Bölgesi, 46800, Türkiye",Kahramanmaraş,Türkoğlu,Light,2023,Shallow,1
2023-02-16 16:38:32.250000+00:00,37.9197,37.5097,10.0,4.1,mb,35.0,83.0,0.636,0.58,us,us6000jpee,2023-03-09T21:42:33.040Z,"7 km SE of Nurhak, Turkey",earthquake,2.11,1.922,0.302,3.0,reviewed,us,us, Turkey,"(37.9197, 37.5097)","Nurhak, Kahramanmaraş, Akdeniz Bölgesi, 46370, Türkiye",Kahramanmaraş,Nurhak,Light,2023,Shallow,1
2023-02-17 14:58:56.344000+00:00,37.9375,36.3279,6.44,4.4,mwr,60.0,52.0,0.357,0.53,us,us6000jpnr,2023-03-04T09:42:17.040Z,"17 km WSW of Göksun, Turkey",earthquake,2.27,4.177,0.063,24.0,reviewed,us,us, Turkey,"(37.9375, 36.3279)","Hacıkodal, Göksun, Kahramanmaraş, Akdeniz Bölgesi, 46600, Türkiye",Kahramanmaraş,Göksun,Light,2023,Shallow,1
2023-02-18 05:26:04.931000+00:00,38.073,37.1651,5.16,4.0,mwr,38.0,62.0,0.604,0.79,us,us6000jpun,2023-03-01T06:50:48.040Z,Central Turkey,earthquake,2.63,4.886,0.06,27.0,reviewed,us,us,,"(38.073, 37.1651)","Ekinözü yolu, Yukarı Ortaören, Öztürk, Ortaören, Ekinözü, Kahramanmaraş, Akdeniz Bölgesi, 46360, Türkiye",Kahramanmaraş,Orta,Light,2023,Shallow,1
2023-02-18 19:31:31.620000+00:00,38.0748,36.6149,11.009,4.9,mwr,122.0,33.0,0.366,0.61,us,us6000jpyq,2023-03-10T04:01:17.353Z,"11 km ENE of Göksun, Turkey",earthquake,1.64,3.386,0.054,33.0,reviewed,us,us, Turkey,"(38.0748, 36.6149)","Kocayazı, Göksun, Kahramanmaraş, Akdeniz Bölgesi, 46600, Türkiye",Kahramanmaraş,Göksun,Moderate,2023,Shallow,1
2023-02-19 04:06:17.623000+00:00,37.2737,36.8291,10.0,4.2,mb,29.0,106.0,0.238,0.63,us,us6000jq1h,2023-03-17T00:45:07.040Z,Central Turkey,earthquake,5.11,1.421,0.186,8.0,reviewed,us,us,,"(37.2737, 36.8291)","Minehüyük, Türkoğlu, Kahramanmaraş, Akdeniz Bölgesi, 46800, Türkiye",Kahramanmaraş,Türkoğlu,Light,2023,Shallow,1
2023-02-19 21:30:30.413000+00:00,37.3919,36.8535,10.0,3.9,mwr,51.0,52.0,0.119,0.64,us,us6000jq69,2023-03-10T06:11:48.795Z,"22 km SSW of Kahramanmara?, Turkey",earthquake,3.52,1.796,0.058,29.0,reviewed,us,us, Turkey,"(37.3919, 36.8535)","Gaziosmanpaşa, Türkoğlu, Kahramanmaraş, Akdeniz Bölgesi, 46800, Türkiye",Kahramanmaraş,Gaziosmanpaşa,Light,2023,Shallow,1
2023-02-20 01:48:59.838000+00:00,38.0151,36.7984,4.306,4.6,mb,103.0,35.0,0.493,0.84,us,us6000jq7l,2023-03-14T01:35:56.040Z,Central Turkey,earthquake,5.54,4.493,0.062,78.0,reviewed,us,us,,"(38.0151, 36.7984)","Kınıkkoz, Göksun, Kahramanmaraş, Akdeniz Bölgesi, 46600, Türkiye",Kahramanmaraş,Kınık,Light,2023,Shallow,1
2023-02-20 23:21:14.407000+00:00,38.0175,37.3695,10.0,4.3,mwr,114.0,28.0,0.632,0.63,us,us6000jqft,2023-03-07T03:49:48.947Z,"8 km NW of Nurhak, Turkey",earthquake,3.78,1.833,0.062,25.0,reviewed,us,us, Turkey,"(38.0175, 37.3695)","Nurhak, Kahramanmaraş, Akdeniz Bölgesi, 46370, Türkiye",Kahramanmaraş,Nurhak,Light,2023,Shallow,1
2023-02-21 10:09:37.306000+00:00,37.4007,37.2639,10.0,4.2,mb,15.0,103.0,0.232,0.3,us,us6000jqim,2023-02-21T16:10:53.040Z,"10 km SSW of Pazarc?k, Turkey",earthquake,3.02,1.957,0.264,4.0,reviewed,us,us, Turkey,"(37.4007, 37.2639)","Hökkeşler, Kızkapanlı, Pazarcık, Kahramanmaraş, Akdeniz Bölgesi, 46700, Türkiye",Kahramanmaraş,Pazarcık,Light,2023,Shallow,1
2023-02-21 11:55:52.784000+00:00,38.0683,37.4259,10.0,4.1,mb,25.0,71.0,0.7,0.5,us,us6000jqiz,2023-02-28T10:06:52.040Z,Unknown,earthquake,2.88,1.951,0.174,9.0,reviewed,us,us,,"(38.0683, 37.4259)","Nurhak, Kahramanmaraş, Akdeniz Bölgesi, 46370, Türkiye",Kahramanmaraş,Nurhak,Light,2023,Shallow,1
2023-02-22 04:40:03.238000+00:00,38.0434,36.6529,10.0,4.0,mb,51.0,44.0,0.976,0.73,us,us6000jqq1,2023-03-16T04:51:32.040Z,"13 km E of Göksun, Turkey",earthquake,3.63,1.849,0.15,12.0,reviewed,us,us, Turkey,"(38.0434, 36.6529)","Kalesalyan, Göksun, Kahramanmaraş, Akdeniz Bölgesi, 46600, Türkiye",Kahramanmaraş,Kale,Light,2023,Shallow,1
2023-02-23 03:23:02.764000+00:00,37.2286,37.0909,10.0,4.0,mb,27.0,113.0,0.11,0.53,us,us6000jqyd,2023-03-17T04:06:31.040Z,Central Turkey,earthquake,3.52,1.525,0.212,6.0,reviewed,us,us,,"(37.2286, 37.0909)","mezra, Pazarcık, Kahramanmaraş, Akdeniz Bölgesi, 46700, Türkiye",Kahramanmaraş,Pazarcık,Light,2023,Shallow,1
2023-02-25 08:58:40.076000+00:00,38.3654,37.4414,5.166,4.1,mb,24.0,59.0,0.805,0.8,us,us6000jril,2023-03-12T09:32:57.040Z,"20 km SSW of Darende, Turkey",earthquake,2.19,5.697,0.233,5.0,reviewed,us,us, Turkey,"(38.3654, 37.4414)","Serçekuyusu, Elbistan, Kahramanmaraş, Akdeniz Bölgesi, 46300, Türkiye",Kahramanmaraş,Elbistan,Light,2023,Shallow,1
2023-02-25 12:41:13.746000+00:00,38.0367,37.067,6.703,4.4,mwr,108.0,49.0,0.547,0.41,us,us6000jrjg,2023-03-17T08:40:27.690Z,"10 km WSW of Ekinözü, Turkey",earthquake,4.24,3.775,0.05,39.0,reviewed,us,us, Turkey,"(38.0367, 37.067)","Ekinözü, Kahramanmaraş, Akdeniz Bölgesi, 46360, Türkiye",Kahramanmaraş,Ekinözü,Light,2023,Shallow,1
2023-02-27 06:19:48.892000+00:00,37.899,37.0499,10.0,4.8,mb,92.0,47.0,0.411,0.62,us,us6000jrvk,2023-02-27T09:15:45.203Z,"21 km SW of Ekinözü, Turkey",earthquake,5.23,1.901,0.076,54.0,reviewed,us,us, Turkey,"(37.899, 37.0499)","Alişar, Ekinözü, Kahramanmaraş, Akdeniz Bölgesi, 46360, Türkiye",Kahramanmaraş,Ekinözü,Light,2023,Shallow,1
2023-02-28 14:39:54.956000+00:00,37.7893,36.7056,10.0,4.4,mwr,113.0,32.0,0.323,0.72,us,us7000jg90,2023-03-08T21:08:24.040Z,"29 km NW of Kahramanmara?, Turkey",earthquake,3.63,1.841,0.056,31.0,reviewed,us,us, Turkey,"(37.7893, 36.7056)","Suçatı, Onikişubat, Kahramanmaraş, Akdeniz Bölgesi, Türkiye",Kahramanmaraş,Onikişubat,Light,2023,Shallow,1
2023-02-28 14:49:17.329000+00:00,37.9074,36.7308,10.0,4.4,mb,50.0,48.0,0.423,0.88,us,us7000jg94,2023-03-08T21:35:39.864Z,"24 km ESE of Göksun, Turkey",earthquake,3.25,1.866,0.139,15.0,reviewed,us,us, Turkey,"(37.9074, 36.7308)","Onikişubat, Kahramanmaraş, Akdeniz Bölgesi, Türkiye",Kahramanmaraş,Onikişubat,Light,2023,Shallow,1
2023-02-28 23:32:10.720000+00:00,37.2585,37.0119,12.352,4.1,mb,25.0,114.0,0.18,0.62,us,us7000jgdf,2023-02-28T23:57:54.040Z,"26 km ENE of Nurda??, Turkey",earthquake,3.16,2.919,0.303,3.0,reviewed,us,us, Turkey,"(37.2585, 37.0119)","Evri, Evri Pınarbaşı, Karahüyük, Pazarcık, Kahramanmaraş, Akdeniz Bölgesi, 46700, Türkiye",Kahramanmaraş,Pınarbaşı,Light,2023,Shallow,1
2023-03-01 02:23:22.553000+00:00,37.944,36.9984,10.0,4.4,mb,49.0,44.0,0.445,0.63,us,us7000jged,2023-03-01T05:15:33.040Z,Central Turkey,earthquake,1.73,1.92,0.134,16.0,reviewed,us,us,,"(37.944, 36.9984)","Ortaoba, Demirlik, Ekinözü, Kahramanmaraş, Akdeniz Bölgesi, 46360, Türkiye",Kahramanmaraş,Orta,Light,2023,Shallow,1
2023-03-03 02:53:42.999000+00:00,37.8535,36.6644,6.064,5.0,mww,84.0,39.0,0.395,0.98,us,us7000jgyv,2023-03-03T18:09:43.526Z,"23 km SE of Göksun, Turkey",earthquake,5.23,3.389,0.059,28.0,reviewed,us,us, Turkey,"(37.8535, 36.6644)","Eski Döngel, Onikişubat, Kahramanmaraş, Akdeniz Bölgesi, Türkiye",Kahramanmaraş,Onikişubat,Moderate,2023,Shallow,1
2023-03-06 13:03:25.671000+00:00,38.197,37.2109,14.422,4.0,mb,30.0,60.0,0.66,0.82,us,us7000jhmg,2023-03-13T16:37:39.040Z,"1 km SE of Elbistan, Turkey",earthquake,2.72,5.095,0.298,3.0,reviewed,us,us, Turkey,"(38.197, 37.2109)","Pınarbaşı, Elbistan, Kahramanmaraş, Akdeniz Bölgesi, 46300, Türkiye",Kahramanmaraş,Pınarbaşı,Light,2023,Shallow,1
2023-03-07 09:40:11.447000+00:00,37.6748,36.6304,5.729,4.4,mb,72.0,88.0,0.245,0.86,us,us7000jhv7,2023-03-07T12:14:43.040Z,"26 km ENE of And?r?n, Turkey",earthquake,5.77,5.51,0.106,27.0,reviewed,us,us, Turkey,"(37.6748, 36.6304)","Mercan, Onikişubat, Kahramanmaraş, Akdeniz Bölgesi, Türkiye",Kahramanmaraş,Onikişubat,Light,2023,Shallow,1
2023-03-10 07:58:34.439000+00:00,37.9929,37.5024,5.069,4.1,mb,24.0,72.0,0.682,0.97,us,us7000jirp,2023-03-10T13:17:45.040Z,"6 km ENE of Nurhak, Turkey",earthquake,1.85,6.075,0.234,5.0,reviewed,us,us, Turkey,"(37.9929, 37.5024)","Karşıyaka Mah., Nurhak, Kahramanmaraş, Akdeniz Bölgesi, 46370, Türkiye",Kahramanmaraş,Karşıyaka,Light,2023,Shallow,1
2023-03-12 12:31:22.831000+00:00,37.8449,36.3321,10.0,4.3,mb,30.0,50.0,0.265,1.16,us,us7000jjbv,2023-03-13T04:20:24.810Z,Central Turkey,earthquake,2.91,1.941,0.169,10.0,reviewed,us,us,,"(37.8449, 36.3321)","Göksun, Kahramanmaraş, Akdeniz Bölgesi, 46600, Türkiye",Kahramanmaraş,Göksun,Light,2023,Shallow,1
2023-03-14 06:47:35.616000+00:00,38.0742,36.9299,10.0,4.6,mb,54.0,57.0,0.522,0.84,us,us7000jjrw,2023-03-15T18:06:40.040Z,"19 km S of Af?in, Turkey",earthquake,3.94,1.911,0.105,27.0,reviewed,us,us, Turkey,"(38.0742, 36.9299)","Karadut, Göksun, Kahramanmaraş, Akdeniz Bölgesi, 46600, Türkiye",Kahramanmaraş,Göksun,Light,2023,Shallow,1
2023-03-14 14:49:49.755000+00:00,37.8097,37.3889,10.0,4.6,mwr,87.0,55.0,0.652,1.05,us,us7000jjv5,2023-03-14T18:26:32.229Z,"11 km NE of Ça?layancerit, Turkey",earthquake,4.41,1.844,0.069,20.0,reviewed,us,us, Turkey,"(37.8097, 37.3889)","Çağlayancerit, Kahramanmaraş, Akdeniz Bölgesi, 46720, Türkiye",Kahramanmaraş,Çağlayancerit,Light,2023,Shallow,1
2023-03-17 01:41:13.926000+00:00,38.0328,36.5559,5.0,4.3,mb,24.0,71.0,0.389,0.95,us,us7000jkp9,2023-03-17T14:49:17.261Z,"5 km ENE of Göksun, Turkey",earthquake,2.93,1.956,0.217,6.0,reviewed,us,us, Turkey,"(38.0328, 36.5559)","Göksun - Çardak yolu, Yantepe, Göksun, Kahramanmaraş, Akdeniz Bölgesi, 46600, Türkiye",Kahramanmaraş,Çardak,Light,2023,Shallow,1
2023-03-18 05:14:29.689000+00:00,37.9741,36.4482,6.974,4.4,mb,52.0,48.0,0.402,0.7,us,us7000jl0z,2023-03-18T19:27:39.733Z,"6 km SW of Göksun, Turkey",earthquake,4.84,4.855,0.09,36.0,reviewed,us,us, Turkey,"(37.9741, 36.4482)","Yenimahalle, Taşoluk, Göksun, Kahramanmaraş, Akdeniz Bölgesi, 46600, Türkiye",Kahramanmaraş,Yenimahalle,Light,2023,Shallow,1
2023-03-18 09:25:31.288000+00:00,37.8271,36.3781,4.91,4.3,mb,31.0,51.0,0.248,0.28,us,us7000jl20,2023-03-18T10:17:26.040Z,"23 km SSW of Göksun, Turkey",earthquake,3.79,5.001,0.16,11.0,reviewed,us,us, Turkey,"(37.8271, 36.3781)","Andırın, Kahramanmaraş, Akdeniz Bölgesi, 46400, Türkiye",Kahramanmaraş,Andırın,Light,2023,Shallow,1
2023-03-19 12:54:24.779000+00:00,38.0476,36.5123,9.765,4.3,mb,52.0,48.0,0.367,0.57,us,us7000jl95,2023-03-19T13:12:29.040Z,"3 km NNE of Göksun, Turkey",earthquake,4.08,5.489,0.104,26.0,reviewed,us,us, Turkey,"(38.0476, 36.5123)","Harbiye, Alıçlıbucak, Göksun, Kahramanmaraş, Akdeniz Bölgesi, 46600, Türkiye",Kahramanmaraş,Göksun,Light,2023,Shallow,1
